BCR,CD40,IL21_4,STAT,Syk,PI3K,BTK,CBM,TRAF6,NEMO_IKK,RelA_p50,IRF4,RAF,Erk,BCL6,Blimp1,cMyc,AID,BCL2,ID
0,0,0,0,0,0,0,0,0,0,0,0,0,0,0,0,0,0,0,0
0,0,1,1,0,0,0,0,0,0,0,0,0,0,0,0,0,0,0,0
0,1,0,0,0,0,0,0,1,2,2,2,0,0,0,0,0,0,1,0
0,1,1,1,0,0,0,0,1,2,2,2,0,0,0,1,0,0,1,0
1,0,0,0,1,0,1,1,0,1,1,1,1,1,0,0,0,0,1,0
1,0,1,1,1,0,1,1,0,1,1,1,1,0,1,0,0,1,0,0
1,1,0,0,1,0,1,1,1,2,2,2,1,1,0,0,0,0,1,0
1,1,1,1,1,0,1,1,1,2,2,2,1,0,0,1,0,0,1,0
0,0,0,0,1,0,1,1,1,2,2,2,1,1,0,0,0,0,1,1
0,0,1,1,1,0,1,1,1,2,2,2,1,0,0,1,0,0,1,1
0,1,0,0,1,0,1,1,1,2,2,2,1,1,0,0,0,0,1,1
0,1,1,1,1,0,1,1,1,2,2,2,1,0,0,1,0,0,1,1
1,0,0,0,1,0,1,1,1,2,2,2,1,1,0,0,0,0,1,1
1,0,1,1,1,0,1,1,1,2,2,2,1,0,0,1,0,0,1,1
1,1,0,0,1,0,1,1,1,2,2,2,1,1,0,0,0,0,1,1
1,1,1,1,1,0,1,1,1,2,2,2,1,0,0,1,0,0,1,1
0,0,0,0,0,0,0,0,0,0,0,0,0,1,0,0,0,0,0,2
0,0,1,1,0,0,0,0,0,0,0,0,0,1,0,0,0,0,0,2
0,1,0,0,0,0,0,0,1,2,2,2,0,1,0,0,0,0,1,2
0,1,1,1,0,0,0,0,1,2,2,2,0,1,0,1,0,0,1,2
1,0,0,0,1,0,1,1,0,1,1,1,1,1,0,0,0,0,1,2
1,0,1,1,1,0,1,1,0,1,1,1,1,1,0,0,0,1,1,2
1,1,0,0,1,0,1,1,1,2,2,2,1,1,0,0,0,0,1,2
1,1,1,1,1,0,1,1,1,2,2,2,1,1,0,1,0,0,1,2
0,0,0,0,0,0,0,0,0,0,0,0,0,0,1,0,1,0,1,3
0,0,1,1,0,0,0,0,0,0,0,0,0,0,1,0,1,0,1,3
0,1,0,0,0,0,0,0,1,2,2,2,0,0,1,0,1,0,1,3
0,1,1,1,0,0,0,0,1,2,2,2,0,0,1,0,1,1,1,3
1,0,0,0,1,0,1,1,0,1,1,1,1,1,1,0,1,0,1,3
1,0,1,1,1,0,1,1,0,1,1,1,1,0,1,0,1,1,1,3
1,1,0,0,1,0,1,1,1,2,2,2,1,1,1,0,1,0,1,3
1,1,1,1,1,0,1,1,1,2,2,2,1,0,1,0,1,1,1,3
0,0,0,0,0,0,0,0,1,2,2,2,0,0,1,0,0,0,0,4
0,0,1,1,0,0,0,0,1,2,2,2,0,0,1,0,0,1,0,4
0,1,0,0,0,0,0,0,1,2,2,2,0,0,1,0,0,0,0,4
0,1,1,1,0,0,0,0,1,2,2,2,0,0,1,0,0,1,0,4
1,0,0,0,1,0,1,1,1,2,2,2,1,1,1,0,0,0,0,4
1,0,1,1,1,0,1,1,1,2,2,2,1,0,1,0,0,1,0,4
1,1,0,0,1,0,1,1,1,2,2,2,1,1,1,0,0,0,0,4
1,1,1,1,1,0,1,1,1,2,2,2,1,0,1,0,0,1,0,4
0,0,0,0,0,0,0,0,0,0,0,0,0,0,1,0,0,0,0,5
0,0,1,1,0,0,0,0,0,0,0,0,0,0,1,0,0,0,0,5
0,1,0,0,0,0,0,0,1,2,2,2,0,0,1,0,0,0,0,5
0,1,1,1,0,0,0,0,1,2,2,2,0,0,1,0,0,1,0,5
1,0,0,0,1,0,1,1,0,1,1,1,1,1,1,0,0,0,0,5
1,0,1,1,1,0,1,1,0,1,1,1,1,0,1,0,0,1,0,5
1,1,0,0,1,0,1,1,1,2,2,2,1,1,1,0,0,0,0,5
1,1,1,1,1,0,1,1,1,2,2,2,1,0,1,0,0,1,0,5
1,0,0,0,1,0,1,1,0,1,1,1,1,1,0,0,0,0,1,6
1,0,1,1,1,0,1,1,0,1,1,1,1,0,1,0,0,1,0,6
1,1,0,0,1,0,1,1,1,2,2,2,1,1,0,0,0,0,1,6
1,1,1,1,1,0,1,1,1,2,2,2,1,0,0,1,0,0,1,6
0,0,0,0,0,0,0,1,0,1,1,1,0,0,1,0,0,0,0,7
0,0,1,1,0,0,0,1,0,1,1,1,0,0,1,0,0,1,0,7
0,1,0,0,0,0,0,1,1,2,2,2,0,0,1,0,0,0,0,7
0,1,1,1,0,0,0,1,1,2,2,2,0,0,1,0,0,1,0,7
1,0,0,0,1,0,1,1,0,1,1,1,1,1,1,0,0,0,0,7
1,0,1,1,1,0,1,1,0,1,1,1,1,0,1,0,0,1,0,7
1,1,0,0,1,0,1,1,1,2,2,2,1,1,1,0,0,0,0,7
1,1,1,1,1,0,1,1,1,2,2,2,1,0,1,0,0,1,0,7
0,0,0,0,0,0,0,0,0,0,0,2,0,0,1,0,0,0,0,8
0,0,1,1,0,0,0,0,0,0,0,2,0,0,1,0,0,0,0,8
0,1,0,0,0,0,0,0,1,2,0,2,0,0,1,0,0,0,0,8
0,1,1,1,0,0,0,0,1,2,0,2,0,0,1,0,0,0,0,8
1,0,0,0,1,0,1,1,0,1,0,2,1,1,1,0,0,0,0,8
1,0,1,1,1,0,1,1,0,1,0,2,1,0,1,0,0,0,0,8
1,1,0,0,1,0,1,1,1,2,0,2,1,1,1,0,0,0,0,8
1,1,1,1,1,0,1,1,1,2,0,2,1,0,1,0,0,0,0,8
1,0,0,0,1,0,1,1,0,2,2,2,1,1,0,0,1,0,1,9
1,0,1,1,1,0,1,1,0,2,2,2,1,0,0,0,1,1,1,9
1,1,0,0,1,0,1,1,1,2,2,2,1,1,0,0,1,0,1,9
1,1,1,1,1,0,1,1,1,2,2,2,1,0,0,0,1,1,1,9
0,0,0,0,0,0,0,1,0,1,2,2,0,0,0,0,0,0,1,10
0,0,1,1,0,0,0,1,0,1,2,2,0,0,0,0,0,1,1,10
0,1,0,0,0,0,0,1,1,2,2,2,0,0,0,0,0,0,1,10
0,1,1,1,0,0,0,1,1,2,2,2,0,0,0,0,0,1,1,10
1,0,0,0,1,0,1,1,0,1,2,2,1,1,0,0,0,0,1,10
1,0,1,1,1,0,1,1,0,1,2,2,1,0,0,0,0,1,1,10
1,1,0,0,1,0,1,1,1,2,2,2,1,1,0,0,0,0,1,10
1,1,1,1,1,0,1,1,1,2,2,2,1,0,0,0,0,1,1,10
0,0,0,0,0,0,0,0,1,2,2,2,0,0,0,0,0,0,1,11
0,0,1,1,0,0,0,0,1,2,2,2,0,0,0,1,0,0,1,11
0,1,0,0,0,0,0,0,1,2,2,2,0,0,0,0,0,0,1,11
0,1,1,1,0,0,0,0,1,2,2,2,0,0,0,1,0,0,1,11
1,0,0,0,1,0,1,1,1,2,2,2,1,1,0,0,0,0,1,11
1,0,1,1,1,0,1,1,1,2,2,2,1,0,0,1,0,0,1,11
1,1,0,0,1,0,1,1,1,2,2,2,1,1,0,0,0,0,1,11
1,1,1,1,1,0,1,1,1,2,2,2,1,0,0,1,0,0,1,11
0,0,0,0,0,0,0,0,0,0,0,0,0,0,1,0,1,0,1,12
0,0,1,1,0,0,0,0,0,0,0,0,0,0,1,0,1,0,1,12
0,1,0,0,0,0,0,0,1,2,2,2,0,0,1,0,1,0,1,12
0,1,1,1,0,0,0,0,1,2,2,2,0,0,1,0,1,1,1,12
1,0,0,0,1,0,1,1,0,1,1,1,1,1,1,0,1,0,1,12
1,0,1,1,1,0,1,1,0,1,1,1,1,0,1,0,1,1,1,12
1,1,0,0,1,0,1,1,1,2,2,2,1,1,1,0,1,0,1,12
1,1,1,1,1,0,1,1,1,2,2,2,1,0,1,0,1,1,1,12
0,0,0,1,0,0,0,0,0,0,2,2,0,0,1,0,0,1,1,13
0,0,1,1,0,0,0,0,0,0,2,2,0,0,1,0,0,1,1,13
0,1,0,1,0,0,0,0,1,2,2,2,0,0,1,0,0,1,1,13
0,1,1,1,0,0,0,0,1,2,2,2,0,0,1,0,0,1,1,13
1,0,0,1,1,0,1,1,0,1,2,2,1,0,1,0,0,1,1,13
1,0,1,1,1,0,1,1,0,1,2,2,1,0,1,0,0,1,1,13
1,1,0,1,1,0,1,1,1,2,2,2,1,0,1,0,0,1,1,13
1,1,1,1,1,0,1,1,1,2,2,2,1,0,1,0,0,1,1,13
1,0,0,0,1,0,1,1,0,1,1,1,1,1,0,0,0,0,1,14
1,0,1,1,1,0,1,1,0,1,1,1,1,0,1,0,0,1,1,14
1,1,0,0,1,0,1,1,1,2,2,2,1,1,0,0,0,0,1,14
1,1,1,1,1,0,1,1,1,2,2,2,1,0,0,1,0,0,1,14
0,0,0,0,0,0,0,1,1,2,2,2,0,0,0,0,0,0,1,15
0,0,1,1,0,0,0,1,1,2,2,2,0,0,0,1,0,0,1,15
0,1,0,0,0,0,0,1,1,2,2,2,0,0,0,0,0,0,1,15
0,1,1,1,0,0,0,1,1,2,2,2,0,0,0,1,0,0,1,15
1,0,0,0,1,0,1,1,1,2,2,2,1,1,0,0,0,0,1,15
1,0,1,1,1,0,1,1,1,2,2,2,1,0,0,1,0,0,1,15
1,1,0,0,1,0,1,1,1,2,2,2,1,1,0,0,0,0,1,15
1,1,1,1,1,0,1,1,1,2,2,2,1,0,0,1,0,0,1,15
0,0,0,1,0,0,0,0,0,0,2,2,0,0,1,0,0,1,0,16
0,0,1,1,0,0,0,0,0,0,2,2,0,0,1,0,0,1,0,16
0,1,0,1,0,0,0,0,1,2,2,2,0,0,1,0,0,1,0,16
0,1,1,1,0,0,0,0,1,2,2,2,0,0,1,0,0,1,0,16
1,0,0,1,1,0,1,1,0,1,2,2,1,0,1,0,0,1,0,16
1,0,1,1,1,0,1,1,0,1,2,2,1,0,1,0,0,1,0,16
1,1,0,1,1,0,1,1,1,2,2,2,1,0,1,0,0,1,0,16
1,1,1,1,1,0,1,1,1,2,2,2,1,0,1,0,0,1,0,16
0,0,0,1,0,0,0,0,0,0,2,2,0,0,0,1,0,0,1,17
0,0,1,1,0,0,0,0,0,0,2,2,0,0,0,1,0,0,1,17
0,1,0,1,0,0,0,0,1,2,2,2,0,0,0,1,0,0,1,17
0,1,1,1,0,0,0,0,1,2,2,2,0,0,0,1,0,0,1,17
1,0,0,1,1,0,1,1,0,1,2,2,1,0,0,1,0,0,1,17
1,0,1,1,1,0,1,1,0,1,2,2,1,0,0,1,0,0,1,17
1,1,0,1,1,0,1,1,1,2,2,2,1,0,0,1,0,0,1,17
1,1,1,1,1,0,1,1,1,2,2,2,1,0,0,1,0,0,1,17
1,0,0,0,1,0,1,1,1,2,2,2,1,1,0,0,0,0,1,18
1,0,1,1,1,0,1,1,1,2,2,2,1,0,0,1,0,0,1,18
1,1,0,0,1,0,1,1,1,2,2,2,1,1,0,0,0,0,1,18
1,1,1,1,1,0,1,1,1,2,2,2,1,0,0,1,0,0,1,18
0,0,0,0,0,0,0,0,0,0,0,0,0,0,1,0,0,0,1,19
0,0,1,1,0,0,0,0,0,0,0,0,0,0,1,0,0,0,1,19
0,1,0,0,0,0,0,0,1,2,2,2,0,0,1,0,0,0,1,19
0,1,1,1,0,0,0,0,1,2,2,2,0,0,1,0,0,1,1,19
1,0,0,0,1,0,1,1,0,1,1,1,1,1,1,0,0,0,1,19
1,0,1,1,1,0,1,1,0,1,1,1,1,0,1,0,0,1,1,19
1,1,0,0,1,0,1,1,1,2,2,2,1,1,1,0,0,0,1,19
1,1,1,1,1,0,1,1,1,2,2,2,1,0,1,0,0,1,1,19
1,0,0,0,1,0,1,1,0,1,1,1,1,1,0,0,0,0,1,20
1,0,1,1,1,0,1,1,0,1,1,1,1,0,1,0,0,1,0,20
1,1,0,0,1,0,1,1,1,2,2,2,1,1,0,0,0,0,1,20
1,1,1,1,1,0,1,1,1,2,2,2,1,0,0,1,0,0,1,20
0,0,0,1,0,0,0,0,0,0,0,0,0,0,0,0,0,0,1,21
0,0,1,1,0,0,0,0,0,0,0,0,0,0,0,0,0,0,1,21
0,1,0,1,0,0,0,0,1,2,2,2,0,0,0,0,0,1,1,21
0,1,1,1,0,0,0,0,1,2,2,2,0,0,0,0,0,1,1,21
1,0,0,1,1,0,1,1,0,1,1,1,1,0,1,0,0,1,1,21
1,0,1,1,1,0,1,1,0,1,1,1,1,0,1,0,0,1,1,21
1,1,0,1,1,0,1,1,1,2,2,2,1,0,0,0,0,1,1,21
1,1,1,1,1,0,1,1,1,2,2,2,1,0,0,0,0,1,1,21
0,0,0,0,0,0,0,0,0,0,0,0,0,0,1,0,0,0,1,22
0,0,1,1,0,0,0,0,0,0,0,0,0,0,1,0,0,0,1,22
0,1,0,0,0,0,0,0,1,2,2,2,0,0,1,0,0,0,1,22
0,1,1,1,0,0,0,0,1,2,2,2,0,0,1,0,0,1,1,22
1,0,0,0,1,0,1,1,0,1,1,1,1,1,1,0,0,0,1,22
1,0,1,1,1,0,1,1,0,1,1,1,1,0,1,0,0,1,1,22
1,1,0,0,1,0,1,1,1,2,2,2,1,1,1,0,0,0,1,22
1,1,1,1,1,0,1,1,1,2,2,2,1,0,1,0,0,1,1,22
0,0,0,0,0,0,0,0,0,0,0,0,0,0,1,0,0,0,1,23
0,0,1,1,0,0,0,0,0,0,0,0,0,0,1,0,0,0,1,23
0,1,0,0,0,0,0,0,1,2,2,2,0,0,1,0,0,0,1,23
0,1,1,1,0,0,0,0,1,2,2,2,0,0,1,0,0,1,1,23
1,0,0,0,1,0,1,1,0,1,1,1,1,1,1,0,0,0,1,23
1,0,1,1,1,0,1,1,0,1,1,1,1,0,1,0,0,1,1,23
1,1,0,0,1,0,1,1,1,2,2,2,1,1,1,0,0,0,1,23
1,1,1,1,1,0,1,1,1,2,2,2,1,0,1,0,0,1,1,23
0,0,0,0,0,0,0,1,0,1,1,1,1,1,0,0,0,0,1,24
0,0,1,1,0,0,0,1,0,1,1,1,1,0,1,0,0,1,0,24
0,1,0,0,0,0,0,1,1,2,2,2,1,1,0,0,0,0,1,24
0,1,1,1,0,0,0,1,1,2,2,2,1,0,0,1,0,0,1,24
1,0,0,0,1,0,1,1,0,1,1,1,1,1,0,0,0,0,1,24
1,0,1,1,1,0,1,1,0,1,1,1,1,0,1,0,0,1,0,24
1,1,0,0,1,0,1,1,1,2,2,2,1,1,0,0,0,0,1,24
1,1,1,1,1,0,1,1,1,2,2,2,1,0,0,1,0,0,1,24
1,0,0,0,1,0,1,1,0,1,1,1,1,1,1,0,0,0,0,25
1,0,1,1,1,0,1,1,0,1,1,1,1,0,1,0,0,1,0,25
1,1,0,0,1,0,1,1,1,2,2,2,1,1,1,0,0,0,0,25
1,1,1,1,1,0,1,1,1,2,2,2,1,0,1,0,0,1,0,25
0,0,0,1,0,0,0,0,0,0,2,2,0,0,0,1,0,0,1,26
0,0,1,1,0,0,0,0,0,0,2,2,0,0,0,1,0,0,1,26
0,1,0,1,0,0,0,0,1,2,2,2,0,0,0,1,0,0,1,26
0,1,1,1,0,0,0,0,1,2,2,2,0,0,0,1,0,0,1,26
1,0,0,1,1,0,1,1,0,1,2,2,1,0,0,1,0,0,1,26
1,0,1,1,1,0,1,1,0,1,2,2,1,0,0,1,0,0,1,26
1,1,0,1,1,0,1,1,1,2,2,2,1,0,0,1,0,0,1,26
1,1,1,1,1,0,1,1,1,2,2,2,1,0,0,1,0,0,1,26
1,0,0,0,1,0,1,1,1,2,2,2,1,1,1,0,0,0,0,27
1,0,1,1,1,0,1,1,1,2,2,2,1,0,1,0,0,1,0,27
1,1,0,0,1,0,1,1,1,2,2,2,1,1,1,0,0,0,0,27
1,1,1,1,1,0,1,1,1,2,2,2,1,0,1,0,0,1,0,27
0,0,0,1,0,0,0,1,0,1,1,1,1,0,1,0,0,1,1,28
0,0,1,1,0,0,0,1,0,1,1,1,1,0,1,0,0,1,1,28
0,1,0,1,0,0,0,1,1,2,2,2,1,0,0,0,0,1,1,28
0,1,1,1,0,0,0,1,1,2,2,2,1,0,0,0,0,1,1,28
1,0,0,1,1,0,1,1,0,1,1,1,1,0,1,0,0,1,1,28
1,0,1,1,1,0,1,1,0,1,1,1,1,0,1,0,0,1,1,28
1,1,0,1,1,0,1,1,1,2,2,2,1,0,0,0,0,1,1,28
1,1,1,1,1,0,1,1,1,2,2,2,1,0,0,0,0,1,1,28
0,0,0,0,0,0,0,0,0,0,0,0,1,1,1,0,0,0,1,29
0,0,1,1,0,0,0,0,0,0,0,0,1,0,1,0,0,0,1,29
0,1,0,0,0,0,0,0,1,2,2,2,1,1,1,0,0,0,1,29
0,1,1,1,0,0,0,0,1,2,2,2,1,0,1,0,0,1,1,29
1,0,0,0,1,0,1,1,0,1,1,1,1,1,1,0,0,0,1,29
1,0,1,1,1,0,1,1,0,1,1,1,1,0,1,0,0,1,1,29
1,1,0,0,1,0,1,1,1,2,2,2,1,1,1,0,0,0,1,29
1,1,1,1,1,0,1,1,1,2,2,2,1,0,1,0,0,1,1,29
0,0,0,0,0,0,0,0,1,2,2,2,0,0,0,0,0,0,1,30
0,0,1,1,0,0,0,0,1,2,2,2,0,0,0,1,0,0,1,30
0,1,0,0,0,0,0,0,1,2,2,2,0,0,0,0,0,0,1,30
0,1,1,1,0,0,0,0,1,2,2,2,0,0,0,1,0,0,1,30
1,0,0,0,1,0,1,1,1,2,2,2,1,1,0,0,0,0,1,30
1,0,1,1,1,0,1,1,1,2,2,2,1,0,0,1,0,0,1,30
1,1,0,0,1,0,1,1,1,2,2,2,1,1,0,0,0,0,1,30
1,1,1,1,1,0,1,1,1,2,2,2,1,0,0,1,0,0,1,30
0,0,0,0,0,0,0,1,0,1,1,1,0,0,1,0,0,0,0,31
0,0,1,1,0,0,0,1,0,1,1,1,0,0,1,0,0,1,0,31
0,1,0,0,0,0,0,1,1,2,2,2,0,0,0,0,0,0,1,31
0,1,1,1,0,0,0,1,1,2,2,2,0,0,0,1,0,0,1,31
1,0,0,0,1,0,1,1,0,1,1,1,1,1,0,0,0,0,1,31
1,0,1,1,1,0,1,1,0,1,1,1,1,0,1,0,0,1,0,31
1,1,0,0,1,0,1,1,1,2,2,2,1,1,0,0,0,0,1,31
1,1,1,1,1,0,1,1,1,2,2,2,1,0,0,1,0,0,1,31
0,0,0,0,0,0,0,1,0,1,2,2,0,0,1,0,0,0,1,32
0,0,1,1,0,0,0,1,0,1,2,2,0,0,1,0,0,1,1,32
0,1,0,0,0,0,0,1,1,2,2,2,0,0,1,0,0,0,1,32
0,1,1,1,0,0,0,1,1,2,2,2,0,0,1,0,0,1,1,32
1,0,0,0,1,0,1,1,0,1,2,2,1,1,1,0,0,0,1,32
1,0,1,1,1,0,1,1,0,1,2,2,1,0,1,0,0,1,1,32
1,1,0,0,1,0,1,1,1,2,2,2,1,1,1,0,0,0,1,32
1,1,1,1,1,0,1,1,1,2,2,2,1,0,1,0,0,1,1,32
0,0,0,0,0,0,0,0,0,0,2,2,0,0,0,0,1,0,1,33
0,0,1,1,0,0,0,0,0,0,2,2,0,0,0,1,1,0,1,33
0,1,0,0,0,0,0,0,1,2,2,2,0,0,0,0,1,0,1,33
0,1,1,1,0,0,0,0,1,2,2,2,0,0,0,1,1,0,1,33
1,0,0,0,1,0,1,1,0,1,2,2,1,1,0,0,1,0,1,33
1,0,1,1,1,0,1,1,0,1,2,2,1,0,0,1,1,0,1,33
1,1,0,0,1,0,1,1,1,2,2,2,1,1,0,0,1,0,1,33
1,1,1,1,1,0,1,1,1,2,2,2,1,0,0,1,1,0,1,33
0,0,0,0,0,0,0,0,0,0,0,0,0,0,1,0,0,0,1,34
0,0,1,1,0,0,0,0,0,0,0,0,0,0,1,0,0,0,1,34
0,1,0,0,0,0,0,0,1,2,2,2,0,0,1,0,0,0,1,34
0,1,1,1,0,0,0,0,1,2,2,2,0,0,1,0,0,1,1,34
1,0,0,0,1,0,1,1,0,1,1,1,1,1,1,0,0,0,1,34
1,0,1,1,1,0,1,1,0,1,1,1,1,0,1,0,0,1,1,34
1,1,0,0,1,0,1,1,1,2,2,2,1,1,1,0,0,0,1,34
1,1,1,1,1,0,1,1,1,2,2,2,1,0,1,0,0,1,1,34
0,0,0,0,0,0,0,1,0,1,1,1,1,1,1,0,0,0,1,35
0,0,1,1,0,0,0,1,0,1,1,1,1,1,1,0,0,1,1,35
0,1,0,0,0,0,0,1,1,2,2,2,1,1,1,0,0,0,1,35
0,1,1,1,0,0,0,1,1,2,2,2,1,1,1,0,0,1,1,35
1,0,0,0,1,0,1,1,0,1,1,1,1,1,1,0,0,0,1,35
1,0,1,1,1,0,1,1,0,1,1,1,1,1,1,0,0,1,1,35
1,1,0,0,1,0,1,1,1,2,2,2,1,1,1,0,0,0,1,35
1,1,1,1,1,0,1,1,1,2,2,2,1,1,1,0,0,1,1,35
0,0,0,0,0,0,0,1,0,1,2,2,0,0,0,0,0,0,1,36
0,0,1,1,0,0,0,1,0,1,2,2,0,0,0,1,0,0,1,36
0,1,0,0,0,0,0,1,1,2,2,2,0,0,0,0,0,0,1,36
0,1,1,1,0,0,0,1,1,2,2,2,0,0,0,1,0,0,1,36
1,0,0,0,1,0,1,1,0,1,2,2,1,1,0,0,0,0,1,36
1,0,1,1,1,0,1,1,0,1,2,2,1,0,0,1,0,0,1,36
1,1,0,0,1,0,1,1,1,2,2,2,1,1,0,0,0,0,1,36
1,1,1,1,1,0,1,1,1,2,2,2,1,0,0,1,0,0,1,36
0,0,0,0,0,0,0,0,0,0,0,0,0,1,1,0,0,0,0,37
0,0,1,1,0,0,0,0,0,0,0,0,0,1,1,0,0,0,0,37
0,1,0,0,0,0,0,0,1,2,2,2,0,1,1,0,0,0,0,37
0,1,1,1,0,0,0,0,1,2,2,2,0,1,1,0,0,1,0,37
1,0,0,0,1,0,1,1,0,1,1,1,1,1,1,0,0,0,0,37
1,0,1,1,1,0,1,1,0,1,1,1,1,1,1,0,0,1,0,37
1,1,0,0,1,0,1,1,1,2,2,2,1,1,1,0,0,0,0,37
1,1,1,1,1,0,1,1,1,2,2,2,1,1,1,0,0,1,0,37
0,0,0,0,0,0,0,0,1,2,2,2,0,0,1,0,0,0,0,38
0,0,1,1,0,0,0,0,1,2,2,2,0,0,1,0,0,1,0,38
0,1,0,0,0,0,0,0,1,2,2,2,0,0,1,0,0,0,0,38
0,1,1,1,0,0,0,0,1,2,2,2,0,0,1,0,0,1,0,38
1,0,0,0,1,0,1,1,1,2,2,2,1,1,1,0,0,0,0,38
1,0,1,1,1,0,1,1,1,2,2,2,1,0,1,0,0,1,0,38
1,1,0,0,1,0,1,1,1,2,2,2,1,1,1,0,0,0,0,38
1,1,1,1,1,0,1,1,1,2,2,2,1,0,1,0,0,1,0,38
0,0,0,0,0,0,0,1,0,1,1,1,0,0,1,0,0,0,0,39
0,0,1,1,0,0,0,1,0,1,1,1,0,0,1,0,0,1,0,39
0,1,0,0,0,0,0,1,1,2,2,2,0,0,1,0,0,0,0,39
0,1,1,1,0,0,0,1,1,2,2,2,0,0,1,0,0,1,0,39
1,0,0,0,1,0,1,1,0,1,1,1,1,1,1,0,0,0,0,39
1,0,1,1,1,0,1,1,0,1,1,1,1,0,1,0,0,1,0,39
1,1,0,0,1,0,1,1,1,2,2,2,1,1,1,0,0,0,0,39
1,1,1,1,1,0,1,1,1,2,2,2,1,0,1,0,0,1,0,39
1,0,0,0,1,0,1,1,0,1,1,1,1,1,0,0,0,0,1,40
1,0,1,1,1,0,1,1,0,1,1,1,1,0,1,0,0,1,0,40
1,1,0,0,1,0,1,1,1,2,2,2,1,1,0,0,0,0,1,40
1,1,1,1,1,0,1,1,1,2,2,2,1,0,0,1,0,0,1,40
0,0,0,0,0,0,0,1,0,1,1,1,0,0,1,0,1,0,1,41
0,0,1,1,0,0,0,1,0,1,1,1,0,0,1,0,1,1,1,41
0,1,0,0,0,0,0,1,1,2,2,2,0,0,0,0,1,0,1,41
0,1,1,1,0,0,0,1,1,2,2,2,0,0,0,1,1,0,1,41
1,0,0,0,1,0,1,1,0,1,1,1,1,1,0,0,1,0,1,41
1,0,1,1,1,0,1,1,0,1,1,1,1,0,1,0,1,1,1,41
1,1,0,0,1,0,1,1,1,2,2,2,1,1,0,0,1,0,1,41
1,1,1,1,1,0,1,1,1,2,2,2,1,0,0,1,1,0,1,41
0,0,0,0,0,0,0,0,0,0,0,0,1,1,0,0,0,0,0,42
0,0,1,1,0,0,0,0,0,0,0,0,1,0,0,0,0,0,0,42
0,1,0,0,0,0,0,0,1,2,2,2,1,1,0,0,0,0,1,42
0,1,1,1,0,0,0,0,1,2,2,2,1,0,0,1,0,0,1,42
1,0,0,0,1,0,1,1,0,1,1,1,1,1,0,0,0,0,1,42
1,0,1,1,1,0,1,1,0,1,1,1,1,0,1,0,0,1,0,42
1,1,0,0,1,0,1,1,1,2,2,2,1,1,0,0,0,0,1,42
1,1,1,1,1,0,1,1,1,2,2,2,1,0,0,1,0,0,1,42
0,0,0,0,0,0,0,0,0,0,0,0,0,0,1,0,0,0,0,43
0,0,1,1,0,0,0,0,0,0,0,0,0,0,1,0,0,0,0,43
0,1,0,0,0,0,0,0,1,2,2,2,0,0,1,0,0,0,0,43
0,1,1,1,0,0,0,0,1,2,2,2,0,0,1,0,0,1,0,43
1,0,0,0,1,0,1,1,0,1,1,1,1,1,1,0,0,0,0,43
1,0,1,1,1,0,1,1,0,1,1,1,1,0,1,0,0,1,0,43
1,1,0,0,1,0,1,1,1,2,2,2,1,1,1,0,0,0,0,43
1,1,1,1,1,0,1,1,1,2,2,2,1,0,1,0,0,1,0,43
0,0,0,0,0,0,0,0,0,2,2,2,0,0,0,0,0,0,1,44
0,0,1,1,0,0,0,0,0,2,2,2,0,0,0,1,0,0,1,44
0,1,0,0,0,0,0,0,1,2,2,2,0,0,0,0,0,0,1,44
0,1,1,1,0,0,0,0,1,2,2,2,0,0,0,1,0,0,1,44
1,0,0,0,1,0,1,1,0,2,2,2,1,1,0,0,0,0,1,44
1,0,1,1,1,0,1,1,0,2,2,2,1,0,0,1,0,0,1,44
1,1,0,0,1,0,1,1,1,2,2,2,1,1,0,0,0,0,1,44
1,1,1,1,1,0,1,1,1,2,2,2,1,0,0,1,0,0,1,44
0,0,0,0,0,0,0,0,0,2,2,2,0,0,1,0,0,0,0,45
0,0,1,1,0,0,0,0,0,2,2,2,0,0,1,0,0,1,0,45
0,1,0,0,0,0,0,0,1,2,2,2,0,0,1,0,0,0,0,45
0,1,1,1,0,0,0,0,1,2,2,2,0,0,1,0,0,1,0,45
1,0,0,0,1,0,1,1,0,2,2,2,1,1,1,0,0,0,0,45
1,0,1,1,1,0,1,1,0,2,2,2,1,0,1,0,0,1,0,45
1,1,0,0,1,0,1,1,1,2,2,2,1,1,1,0,0,0,0,45
1,1,1,1,1,0,1,1,1,2,2,2,1,0,1,0,0,1,0,45
0,0,0,0,0,0,0,1,0,2,2,2,0,0,1,0,0,0,1,46
0,0,1,1,0,0,0,1,0,2,2,2,0,0,1,0,0,1,1,46
0,1,0,0,0,0,0,1,1,2,2,2,0,0,1,0,0,0,1,46
0,1,1,1,0,0,0,1,1,2,2,2,0,0,1,0,0,1,1,46
1,0,0,0,1,0,1,1,0,2,2,2,1,1,1,0,0,0,1,46
1,0,1,1,1,0,1,1,0,2,2,2,1,0,1,0,0,1,1,46
1,1,0,0,1,0,1,1,1,2,2,2,1,1,1,0,0,0,1,46
1,1,1,1,1,0,1,1,1,2,2,2,1,0,1,0,0,1,1,46
0,0,0,0,0,0,0,0,0,0,0,0,0,0,1,0,0,0,0,47
0,0,1,1,0,0,0,0,0,0,0,0,0,0,1,0,0,0,0,47
0,1,0,0,0,0,0,0,1,2,2,2,0,0,1,0,0,0,0,47
0,1,1,1,0,0,0,0,1,2,2,2,0,0,1,0,0,1,0,47
1,0,0,0,1,0,1,1,0,1,1,1,1,1,1,0,0,0,0,47
1,0,1,1,1,0,1,1,0,1,1,1,1,0,1,0,0,1,0,47
1,1,0,0,1,0,1,1,1,2,2,2,1,1,1,0,0,0,0,47
1,1,1,1,1,0,1,1,1,2,2,2,1,0,1,0,0,1,0,47
0,0,0,1,0,0,0,0,1,2,2,2,0,0,1,0,0,1,1,48
0,0,1,1,0,0,0,0,1,2,2,2,0,0,1,0,0,1,1,48
0,1,0,1,0,0,0,0,1,2,2,2,0,0,1,0,0,1,1,48
0,1,1,1,0,0,0,0,1,2,2,2,0,0,1,0,0,1,1,48
1,0,0,1,1,0,1,1,1,2,2,2,1,0,1,0,0,1,1,48
1,0,1,1,1,0,1,1,1,2,2,2,1,0,1,0,0,1,1,48
1,1,0,1,1,0,1,1,1,2,2,2,1,0,1,0,0,1,1,48
1,1,1,1,1,0,1,1,1,2,2,2,1,0,1,0,0,1,1,48
0,0,0,0,0,0,0,0,0,0,0,0,0,0,1,0,1,0,1,49
0,0,1,1,0,0,0,0,0,0,0,0,0,0,1,0,1,0,1,49
0,1,0,0,0,0,0,0,1,2,2,2,0,0,1,0,1,0,1,49
0,1,1,1,0,0,0,0,1,2,2,2,0,0,1,0,1,1,1,49
1,0,0,0,1,0,1,1,0,1,1,1,1,1,1,0,1,0,1,49
1,0,1,1,1,0,1,1,0,1,1,1,1,0,1,0,1,1,1,49
1,1,0,0,1,0,1,1,1,2,2,2,1,1,1,0,1,0,1,49
1,1,1,1,1,0,1,1,1,2,2,2,1,0,1,0,1,1,1,49
0,0,0,0,0,0,0,1,0,1,1,1,0,0,1,0,0,0,1,50
0,0,1,1,0,0,0,1,0,1,1,1,0,0,1,0,0,1,1,50
0,1,0,0,0,0,0,1,1,2,2,2,0,0,0,0,0,0,1,50
0,1,1,1,0,0,0,1,1,2,2,2,0,0,0,0,0,1,1,50
1,0,0,0,1,0,1,1,0,1,1,1,1,1,0,0,0,0,1,50
1,0,1,1,1,0,1,1,0,1,1,1,1,0,1,0,0,1,1,50
1,1,0,0,1,0,1,1,1,2,2,2,1,1,0,0,0,0,1,50
1,1,1,1,1,0,1,1,1,2,2,2,1,0,0,0,0,1,1,50
0,0,0,0,0,0,0,1,0,1,1,1,0,0,1,0,0,0,0,51
0,0,1,1,0,0,0,1,0,1,1,1,0,0,1,0,0,1,0,51
0,1,0,0,0,0,0,1,1,2,2,2,0,0,0,0,0,0,1,51
0,1,1,1,0,0,0,1,1,2,2,2,0,0,0,0,0,1,1,51
1,0,0,0,1,0,1,1,0,1,1,1,1,1,0,0,0,0,1,51
1,0,1,1,1,0,1,1,0,1,1,1,1,0,1,0,0,1,0,51
1,1,0,0,1,0,1,1,1,2,2,2,1,1,0,0,0,0,1,51
1,1,1,1,1,0,1,1,1,2,2,2,1,0,0,0,0,1,1,51
0,0,0,0,0,0,0,0,0,0,0,0,0,1,1,0,0,0,1,52
0,0,1,1,0,0,0,0,0,0,0,0,0,1,1,0,0,0,1,52
0,1,0,0,0,0,0,0,1,2,2,2,0,1,1,0,0,0,1,52
0,1,1,1,0,0,0,0,1,2,2,2,0,1,1,0,0,1,1,52
1,0,0,0,1,0,1,1,0,1,1,1,1,1,1,0,0,0,1,52
1,0,1,1,1,0,1,1,0,1,1,1,1,1,1,0,0,1,1,52
1,1,0,0,1,0,1,1,1,2,2,2,1,1,1,0,0,0,1,52
1,1,1,1,1,0,1,1,1,2,2,2,1,1,1,0,0,1,1,52
0,0,0,0,0,0,0,0,0,0,2,2,0,0,0,0,0,0,1,53
0,0,1,1,0,0,0,0,0,0,2,2,0,0,0,1,0,0,1,53
0,1,0,0,0,0,0,0,1,2,2,2,0,0,0,0,0,0,1,53
0,1,1,1,0,0,0,0,1,2,2,2,0,0,0,1,0,0,1,53
1,0,0,0,1,0,1,1,0,1,2,2,1,1,0,0,0,0,1,53
1,0,1,1,1,0,1,1,0,1,2,2,1,0,0,1,0,0,1,53
1,1,0,0,1,0,1,1,1,2,2,2,1,1,0,0,0,0,1,53
1,1,1,1,1,0,1,1,1,2,2,2,1,0,0,1,0,0,1,53
0,0,0,0,0,0,0,1,0,1,2,2,0,1,1,0,0,0,0,54
0,0,1,1,0,0,0,1,0,1,2,2,0,1,1,0,0,1,0,54
0,1,0,0,0,0,0,1,1,2,2,2,0,1,1,0,0,0,0,54
0,1,1,1,0,0,0,1,1,2,2,2,0,1,1,0,0,1,0,54
1,0,0,0,1,0,1,1,0,1,2,2,1,1,1,0,0,0,0,54
1,0,1,1,1,0,1,1,0,1,2,2,1,1,1,0,0,1,0,54
1,1,0,0,1,0,1,1,1,2,2,2,1,1,1,0,0,0,0,54
1,1,1,1,1,0,1,1,1,2,2,2,1,1,1,0,0,1,0,54
0,0,0,0,0,0,0,0,0,0,0,0,0,0,0,0,1,0,0,55
0,0,1,1,0,0,0,0,0,0,0,0,0,0,0,0,1,0,0,55
0,1,0,0,0,0,0,0,1,2,2,2,0,0,0,0,1,0,1,55
0,1,1,1,0,0,0,0,1,2,2,2,0,0,0,0,1,1,1,55
1,0,0,0,1,0,1,1,0,1,1,1,1,1,0,0,1,0,1,55
1,0,1,1,1,0,1,1,0,1,1,1,1,0,1,0,1,1,0,55
1,1,0,0,1,0,1,1,1,2,2,2,1,1,0,0,1,0,1,55
1,1,1,1,1,0,1,1,1,2,2,2,1,0,0,0,1,1,1,55
0,0,0,0,0,0,0,1,0,1,1,1,0,0,1,0,0,0,0,56
0,0,1,1,0,0,0,1,0,1,1,1,0,0,1,0,0,1,0,56
0,1,0,0,0,0,0,1,1,2,2,2,0,0,0,0,0,0,1,56
0,1,1,1,0,0,0,1,1,2,2,2,0,0,0,1,0,0,1,56
1,0,0,0,1,0,1,1,0,1,1,1,1,1,0,0,0,0,1,56
1,0,1,1,1,0,1,1,0,1,1,1,1,0,1,0,0,1,0,56
1,1,0,0,1,0,1,1,1,2,2,2,1,1,0,0,0,0,1,56
1,1,1,1,1,0,1,1,1,2,2,2,1,0,0,1,0,0,1,56
0,0,0,0,0,0,0,0,0,0,0,2,0,0,1,0,0,0,1,57
0,0,1,1,0,0,0,0,0,0,0,2,0,0,1,0,0,0,1,57
0,1,0,0,0,0,0,0,1,2,0,2,0,0,1,0,0,0,1,57
0,1,1,1,0,0,0,0,1,2,0,2,0,0,1,0,0,0,1,57
1,0,0,0,1,0,1,1,0,1,0,2,1,1,1,0,0,0,1,57
1,0,1,1,1,0,1,1,0,1,0,2,1,0,1,0,0,0,1,57
1,1,0,0,1,0,1,1,1,2,0,2,1,1,1,0,0,0,1,57
1,1,1,1,1,0,1,1,1,2,0,2,1,0,1,0,0,0,1,57
0,0,0,0,0,0,0,0,0,0,2,2,0,0,0,0,0,0,1,58
0,0,1,1,0,0,0,0,0,0,2,2,0,0,0,1,0,0,1,58
0,1,0,0,0,0,0,0,1,2,2,2,0,0,0,0,0,0,1,58
0,1,1,1,0,0,0,0,1,2,2,2,0,0,0,1,0,0,1,58
1,0,0,0,1,0,1,1,0,1,2,2,1,1,0,0,0,0,1,58
1,0,1,1,1,0,1,1,0,1,2,2,1,0,0,1,0,0,1,58
1,1,0,0,1,0,1,1,1,2,2,2,1,1,0,0,0,0,1,58
1,1,1,1,1,0,1,1,1,2,2,2,1,0,0,1,0,0,1,58
0,0,0,0,0,0,0,1,1,2,2,2,0,0,0,0,0,0,1,59
0,0,1,1,0,0,0,1,1,2,2,2,0,0,0,1,0,0,1,59
0,1,0,0,0,0,0,1,1,2,2,2,0,0,0,0,0,0,1,59
0,1,1,1,0,0,0,1,1,2,2,2,0,0,0,1,0,0,1,59
1,0,0,0,1,0,1,1,1,2,2,2,1,1,0,0,0,0,1,59
1,0,1,1,1,0,1,1,1,2,2,2,1,0,0,1,0,0,1,59
1,1,0,0,1,0,1,1,1,2,2,2,1,1,0,0,0,0,1,59
1,1,1,1,1,0,1,1,1,2,2,2,1,0,0,1,0,0,1,59
1,0,0,1,1,0,1,1,0,1,1,1,1,0,1,0,0,1,0,60
1,0,1,1,1,0,1,1,0,1,1,1,1,0,1,0,0,1,0,60
1,1,0,1,1,0,1,1,1,2,2,2,1,0,1,0,0,1,0,60
1,1,1,1,1,0,1,1,1,2,2,2,1,0,1,0,0,1,0,60
1,0,0,0,1,0,1,1,1,2,2,2,1,1,1,0,0,0,1,61
1,0,1,1,1,0,1,1,1,2,2,2,1,0,1,0,0,1,1,61
1,1,0,0,1,0,1,1,1,2,2,2,1,1,1,0,0,0,1,61
1,1,1,1,1,0,1,1,1,2,2,2,1,0,1,0,0,1,1,61
0,0,0,0,0,0,0,0,0,0,0,0,0,0,0,0,0,0,0,62
0,0,1,1,0,0,0,0,0,0,0,0,0,0,0,0,0,0,0,62
0,1,0,0,0,0,0,0,1,2,2,2,0,0,0,0,0,0,1,62
0,1,1,1,0,0,0,0,1,2,2,2,0,0,0,0,0,1,1,62
1,0,0,0,1,0,1,1,0,1,1,1,1,1,0,0,0,0,1,62
1,0,1,1,1,0,1,1,0,1,1,1,1,0,1,0,0,1,0,62
1,1,0,0,1,0,1,1,1,2,2,2,1,1,0,0,0,0,1,62
1,1,1,1,1,0,1,1,1,2,2,2,1,0,0,0,0,1,1,62
0,0,0,0,0,0,0,0,0,0,0,0,0,0,1,0,0,0,0,63
0,0,1,1,0,0,0,0,0,0,0,0,0,0,1,0,0,0,0,63
0,1,0,0,0,0,0,0,1,2,2,2,0,0,1,0,0,0,0,63
0,1,1,1,0,0,0,0,1,2,2,2,0,0,1,0,0,1,0,63
1,0,0,0,1,0,1,1,0,1,1,1,1,1,1,0,0,0,0,63
1,0,1,1,1,0,1,1,0,1,1,1,1,0,1,0,0,1,0,63
1,1,0,0,1,0,1,1,1,2,2,2,1,1,1,0,0,0,0,63
1,1,1,1,1,0,1,1,1,2,2,2,1,0,1,0,0,1,0,63
0,0,0,1,0,0,0,0,0,0,0,0,0,0,1,0,0,0,1,64
0,0,1,1,0,0,0,0,0,0,0,0,0,0,1,0,0,0,1,64
0,1,0,1,0,0,0,0,1,2,2,2,0,0,1,0,0,1,1,64
0,1,1,1,0,0,0,0,1,2,2,2,0,0,1,0,0,1,1,64
1,0,0,1,1,0,1,1,0,1,1,1,1,0,1,0,0,1,1,64
1,0,1,1,1,0,1,1,0,1,1,1,1,0,1,0,0,1,1,64
1,1,0,1,1,0,1,1,1,2,2,2,1,0,1,0,0,1,1,64
1,1,1,1,1,0,1,1,1,2,2,2,1,0,1,0,0,1,1,64
0,0,0,0,0,0,0,0,1,2,2,2,0,0,0,0,0,0,1,65
0,0,1,1,0,0,0,0,1,2,2,2,0,0,0,1,0,0,1,65
0,1,0,0,0,0,0,0,1,2,2,2,0,0,0,0,0,0,1,65
0,1,1,1,0,0,0,0,1,2,2,2,0,0,0,1,0,0,1,65
1,0,0,0,1,0,1,1,1,2,2,2,1,1,0,0,0,0,1,65
1,0,1,1,1,0,1,1,1,2,2,2,1,0,0,1,0,0,1,65
1,1,0,0,1,0,1,1,1,2,2,2,1,1,0,0,0,0,1,65
1,1,1,1,1,0,1,1,1,2,2,2,1,0,0,1,0,0,1,65
0,0,0,0,0,0,0,0,0,0,2,2,0,0,1,0,0,0,1,66
0,0,1,1,0,0,0,0,0,0,2,2,0,0,1,0,0,1,1,66
0,1,0,0,0,0,0,0,1,2,2,2,0,0,1,0,0,0,1,66
0,1,1,1,0,0,0,0,1,2,2,2,0,0,1,0,0,1,1,66
1,0,0,0,1,0,1,1,0,1,2,2,1,1,1,0,0,0,1,66
1,0,1,1,1,0,1,1,0,1,2,2,1,0,1,0,0,1,1,66
1,1,0,0,1,0,1,1,1,2,2,2,1,1,1,0,0,0,1,66
1,1,1,1,1,0,1,1,1,2,2,2,1,0,1,0,0,1,1,66
0,0,0,0,0,0,0,1,1,2,2,2,0,0,1,0,0,0,1,67
0,0,1,1,0,0,0,1,1,2,2,2,0,0,1,0,0,1,1,67
0,1,0,0,0,0,0,1,1,2,2,2,0,0,1,0,0,0,1,67
0,1,1,1,0,0,0,1,1,2,2,2,0,0,1,0,0,1,1,67
1,0,0,0,1,0,1,1,1,2,2,2,1,1,1,0,0,0,1,67
1,0,1,1,1,0,1,1,1,2,2,2,1,0,1,0,0,1,1,67
1,1,0,0,1,0,1,1,1,2,2,2,1,1,1,0,0,0,1,67
1,1,1,1,1,0,1,1,1,2,2,2,1,0,1,0,0,1,1,67
0,0,0,0,0,0,0,0,1,2,2,2,1,1,1,0,0,0,0,68
0,0,1,1,0,0,0,0,1,2,2,2,1,0,1,0,0,1,0,68
0,1,0,0,0,0,0,0,1,2,2,2,1,1,1,0,0,0,0,68
0,1,1,1,0,0,0,0,1,2,2,2,1,0,1,0,0,1,0,68
1,0,0,0,1,0,1,1,1,2,2,2,1,1,1,0,0,0,0,68
1,0,1,1,1,0,1,1,1,2,2,2,1,0,1,0,0,1,0,68
1,1,0,0,1,0,1,1,1,2,2,2,1,1,1,0,0,0,0,68
1,1,1,1,1,0,1,1,1,2,2,2,1,0,1,0,0,1,0,68
0,0,0,0,0,0,0,1,0,1,2,2,0,0,1,0,0,0,1,69
0,0,1,1,0,0,0,1,0,1,2,2,0,0,1,0,0,1,1,69
0,1,0,0,0,0,0,1,1,2,2,2,0,0,1,0,0,0,1,69
0,1,1,1,0,0,0,1,1,2,2,2,0,0,1,0,0,1,1,69
1,0,0,0,1,0,1,1,0,1,2,2,1,1,1,0,0,0,1,69
1,0,1,1,1,0,1,1,0,1,2,2,1,0,1,0,0,1,1,69
1,1,0,0,1,0,1,1,1,2,2,2,1,1,1,0,0,0,1,69
1,1,1,1,1,0,1,1,1,2,2,2,1,0,1,0,0,1,1,69
0,0,0,0,0,0,0,0,1,2,2,2,0,0,0,0,0,0,1,70
0,0,1,1,0,0,0,0,1,2,2,2,0,0,0,1,0,0,1,70
0,1,0,0,0,0,0,0,1,2,2,2,0,0,0,0,0,0,1,70
0,1,1,1,0,0,0,0,1,2,2,2,0,0,0,1,0,0,1,70
1,0,0,0,1,0,1,1,1,2,2,2,1,1,0,0,0,0,1,70
1,0,1,1,1,0,1,1,1,2,2,2,1,0,0,1,0,0,1,70
1,1,0,0,1,0,1,1,1,2,2,2,1,1,0,0,0,0,1,70
1,1,1,1,1,0,1,1,1,2,2,2,1,0,0,1,0,0,1,70
0,0,0,0,0,0,0,1,1,2,2,2,0,0,1,0,0,0,1,71
0,0,1,1,0,0,0,1,1,2,2,2,0,0,1,0,0,1,1,71
0,1,0,0,0,0,0,1,1,2,2,2,0,0,1,0,0,0,1,71
0,1,1,1,0,0,0,1,1,2,2,2,0,0,1,0,0,1,1,71
1,0,0,0,1,0,1,1,1,2,2,2,1,1,1,0,0,0,1,71
1,0,1,1,1,0,1,1,1,2,2,2,1,0,1,0,0,1,1,71
1,1,0,0,1,0,1,1,1,2,2,2,1,1,1,0,0,0,1,71
1,1,1,1,1,0,1,1,1,2,2,2,1,0,1,0,0,1,1,71
0,0,0,0,0,0,0,0,0,0,0,0,1,1,0,0,0,0,0,72
0,0,1,1,0,0,0,0,0,0,0,0,1,0,0,0,0,0,0,72
0,1,0,0,0,0,0,0,1,2,2,2,1,1,0,0,0,0,1,72
0,1,1,1,0,0,0,0,1,2,2,2,1,0,0,1,0,0,1,72
1,0,0,0,1,0,1,1,0,1,1,1,1,1,0,0,0,0,1,72
1,0,1,1,1,0,1,1,0,1,1,1,1,0,1,0,0,1,0,72
1,1,0,0,1,0,1,1,1,2,2,2,1,1,0,0,0,0,1,72
1,1,1,1,1,0,1,1,1,2,2,2,1,0,0,1,0,0,1,72
0,0,0,0,0,0,0,0,1,2,2,2,0,0,0,0,0,0,1,73
0,0,1,1,0,0,0,0,1,2,2,2,0,0,0,0,0,1,1,73
0,1,0,0,0,0,0,0,1,2,2,2,0,0,0,0,0,0,1,73
0,1,1,1,0,0,0,0,1,2,2,2,0,0,0,0,0,1,1,73
1,0,0,0,1,0,1,1,1,2,2,2,1,1,0,0,0,0,1,73
1,0,1,1,1,0,1,1,1,2,2,2,1,0,0,0,0,1,1,73
1,1,0,0,1,0,1,1,1,2,2,2,1,1,0,0,0,0,1,73
1,1,1,1,1,0,1,1,1,2,2,2,1,0,0,0,0,1,1,73
0,0,0,0,0,0,0,1,1,2,2,2,0,0,0,0,0,0,1,74
0,0,1,1,0,0,0,1,1,2,2,2,0,0,0,1,0,0,1,74
0,1,0,0,0,0,0,1,1,2,2,2,0,0,0,0,0,0,1,74
0,1,1,1,0,0,0,1,1,2,2,2,0,0,0,1,0,0,1,74
1,0,0,0,1,0,1,1,1,2,2,2,1,1,0,0,0,0,1,74
1,0,1,1,1,0,1,1,1,2,2,2,1,0,0,1,0,0,1,74
1,1,0,0,1,0,1,1,1,2,2,2,1,1,0,0,0,0,1,74
1,1,1,1,1,0,1,1,1,2,2,2,1,0,0,1,0,0,1,74
1,0,0,0,1,0,1,1,1,2,2,2,1,1,0,0,0,0,1,75
1,0,1,1,1,0,1,1,1,2,2,2,1,0,0,1,0,0,1,75
1,1,0,0,1,0,1,1,1,2,2,2,1,1,0,0,0,0,1,75
1,1,1,1,1,0,1,1,1,2,2,2,1,0,0,1,0,0,1,75
0,0,0,0,0,0,0,0,0,0,0,0,0,0,1,0,0,0,0,76
0,0,1,1,0,0,0,0,0,0,0,0,0,0,1,0,0,0,0,76
0,1,0,0,0,0,0,0,1,2,2,2,0,0,1,0,0,0,0,76
0,1,1,1,0,0,0,0,1,2,2,2,0,0,1,0,0,1,0,76
1,0,0,0,1,0,1,1,0,1,1,1,1,1,1,0,0,0,0,76
1,0,1,1,1,0,1,1,0,1,1,1,1,0,1,0,0,1,0,76
1,1,0,0,1,0,1,1,1,2,2,2,1,1,1,0,0,0,0,76
1,1,1,1,1,0,1,1,1,2,2,2,1,0,1,0,0,1,0,76
1,0,0,0,1,0,1,1,1,2,2,2,1,1,1,0,0,0,0,77
1,0,1,1,1,0,1,1,1,2,2,2,1,0,1,0,0,1,0,77
1,1,0,0,1,0,1,1,1,2,2,2,1,1,1,0,0,0,0,77
1,1,1,1,1,0,1,1,1,2,2,2,1,0,1,0,0,1,0,77
1,0,0,0,1,0,1,1,0,1,1,1,1,1,1,0,1,0,1,78
1,0,1,1,1,0,1,1,0,1,1,1,1,0,1,0,1,1,1,78
1,1,0,0,1,0,1,1,1,2,2,2,1,1,1,0,1,0,1,78
1,1,1,1,1,0,1,1,1,2,2,2,1,0,1,0,1,1,1,78
0,0,0,0,0,0,0,0,0,0,0,0,0,0,1,0,0,0,1,79
0,0,1,1,0,0,0,0,0,0,0,0,0,0,1,0,0,0,1,79
0,1,0,0,0,0,0,0,1,2,2,2,0,0,1,0,0,0,1,79
0,1,1,1,0,0,0,0,1,2,2,2,0,0,1,0,0,1,1,79
1,0,0,0,1,0,1,1,0,1,1,1,1,1,1,0,0,0,1,79
1,0,1,1,1,0,1,1,0,1,1,1,1,0,1,0,0,1,1,79
1,1,0,0,1,0,1,1,1,2,2,2,1,1,1,0,0,0,1,79
1,1,1,1,1,0,1,1,1,2,2,2,1,0,1,0,0,1,1,79
0,0,0,0,0,0,0,1,1,2,2,2,0,0,0,0,0,0,1,80
0,0,1,1,0,0,0,1,1,2,2,2,0,0,0,1,0,0,1,80
0,1,0,0,0,0,0,1,1,2,2,2,0,0,0,0,0,0,1,80
0,1,1,1,0,0,0,1,1,2,2,2,0,0,0,1,0,0,1,80
1,0,0,0,1,0,1,1,1,2,2,2,1,1,0,0,0,0,1,80
1,0,1,1,1,0,1,1,1,2,2,2,1,0,0,1,0,0,1,80
1,1,0,0,1,0,1,1,1,2,2,2,1,1,0,0,0,0,1,80
1,1,1,1,1,0,1,1,1,2,2,2,1,0,0,1,0,0,1,80
0,0,0,0,0,0,0,0,0,0,2,2,0,0,1,0,0,0,0,81
0,0,1,1,0,0,0,0,0,0,2,2,0,0,1,0,0,1,0,81
0,1,0,0,0,0,0,0,1,2,2,2,0,0,1,0,0,0,0,81
0,1,1,1,0,0,0,0,1,2,2,2,0,0,1,0,0,1,0,81
1,0,0,0,1,0,1,1,0,1,2,2,1,1,1,0,0,0,0,81
1,0,1,1,1,0,1,1,0,1,2,2,1,0,1,0,0,1,0,81
1,1,0,0,1,0,1,1,1,2,2,2,1,1,1,0,0,0,0,81
1,1,1,1,1,0,1,1,1,2,2,2,1,0,1,0,0,1,0,81
0,0,0,0,0,0,0,0,0,0,0,2,0,0,1,0,0,0,1,82
0,0,1,1,0,0,0,0,0,0,0,2,0,0,1,0,0,0,1,82
0,1,0,0,0,0,0,0,1,2,0,2,0,0,1,0,0,0,1,82
0,1,1,1,0,0,0,0,1,2,0,2,0,0,1,0,0,0,1,82
1,0,0,0,1,0,1,1,0,1,0,2,1,1,1,0,0,0,1,82
1,0,1,1,1,0,1,1,0,1,0,2,1,0,1,0,0,0,1,82
1,1,0,0,1,0,1,1,1,2,0,2,1,1,1,0,0,0,1,82
1,1,1,1,1,0,1,1,1,2,0,2,1,0,1,0,0,0,1,82
0,0,0,0,0,0,0,1,0,1,1,1,0,0,1,0,0,0,0,83
0,0,1,1,0,0,0,1,0,1,1,1,0,0,1,0,0,1,0,83
0,1,0,0,0,0,0,1,1,2,2,2,0,0,0,0,0,0,1,83
0,1,1,1,0,0,0,1,1,2,2,2,0,0,0,1,0,0,1,83
1,0,0,0,1,0,1,1,0,1,1,1,1,1,0,0,0,0,1,83
1,0,1,1,1,0,1,1,0,1,1,1,1,0,1,0,0,1,0,83
1,1,0,0,1,0,1,1,1,2,2,2,1,1,0,0,0,0,1,83
1,1,1,1,1,0,1,1,1,2,2,2,1,0,0,1,0,0,1,83
0,0,0,1,0,0,0,0,0,0,2,2,0,0,0,1,0,0,1,84
0,0,1,1,0,0,0,0,0,0,2,2,0,0,0,1,0,0,1,84
0,1,0,1,0,0,0,0,1,2,2,2,0,0,0,1,0,0,1,84
0,1,1,1,0,0,0,0,1,2,2,2,0,0,0,1,0,0,1,84
1,0,0,1,1,0,1,1,0,1,2,2,1,0,0,1,0,0,1,84
1,0,1,1,1,0,1,1,0,1,2,2,1,0,0,1,0,0,1,84
1,1,0,1,1,0,1,1,1,2,2,2,1,0,0,1,0,0,1,84
1,1,1,1,1,0,1,1,1,2,2,2,1,0,0,1,0,0,1,84
0,0,0,0,0,0,0,0,0,0,0,0,0,1,0,0,0,0,0,85
0,0,1,1,0,0,0,0,0,0,0,0,0,1,0,0,0,0,0,85
0,1,0,0,0,0,0,0,1,2,2,2,0,1,0,0,0,0,1,85
0,1,1,1,0,0,0,0,1,2,2,2,0,1,0,1,0,0,1,85
1,0,0,0,1,0,1,1,0,1,1,1,1,1,0,0,0,0,1,85
1,0,1,1,1,0,1,1,0,1,1,1,1,1,0,0,0,1,1,85
1,1,0,0,1,0,1,1,1,2,2,2,1,1,0,0,0,0,1,85
1,1,1,1,1,0,1,1,1,2,2,2,1,1,0,1,0,0,1,85
0,0,0,0,0,0,0,0,0,0,0,0,1,1,0,0,0,0,0,86
0,0,1,1,0,0,0,0,0,0,0,0,1,0,0,0,0,0,0,86
0,1,0,0,0,0,0,0,1,2,2,2,1,1,0,0,0,0,1,86
0,1,1,1,0,0,0,0,1,2,2,2,1,0,0,1,0,0,1,86
1,0,0,0,1,0,1,1,0,1,1,1,1,1,0,0,0,0,1,86
1,0,1,1,1,0,1,1,0,1,1,1,1,0,1,0,0,1,0,86
1,1,0,0,1,0,1,1,1,2,2,2,1,1,0,0,0,0,1,86
1,1,1,1,1,0,1,1,1,2,2,2,1,0,0,1,0,0,1,86
0,0,0,0,0,0,0,0,0,0,0,0,0,0,1,0,0,0,1,87
0,0,1,1,0,0,0,0,0,0,0,0,0,0,1,0,0,0,1,87
0,1,0,0,0,0,0,0,1,2,2,2,0,0,1,0,0,0,1,87
0,1,1,1,0,0,0,0,1,2,2,2,0,0,1,0,0,1,1,87
1,0,0,0,1,0,1,1,0,1,1,1,1,1,1,0,0,0,1,87
1,0,1,1,1,0,1,1,0,1,1,1,1,0,1,0,0,1,1,87
1,1,0,0,1,0,1,1,1,2,2,2,1,1,1,0,0,0,1,87
1,1,1,1,1,0,1,1,1,2,2,2,1,0,1,0,0,1,1,87
0,0,0,0,0,0,0,0,0,2,2,2,0,0,1,0,0,0,1,88
0,0,1,1,0,0,0,0,0,2,2,2,0,0,1,0,0,1,1,88
0,1,0,0,0,0,0,0,1,2,2,2,0,0,1,0,0,0,1,88
0,1,1,1,0,0,0,0,1,2,2,2,0,0,1,0,0,1,1,88
1,0,0,0,1,0,1,1,0,2,2,2,1,1,1,0,0,0,1,88
1,0,1,1,1,0,1,1,0,2,2,2,1,0,1,0,0,1,1,88
1,1,0,0,1,0,1,1,1,2,2,2,1,1,1,0,0,0,1,88
1,1,1,1,1,0,1,1,1,2,2,2,1,0,1,0,0,1,1,88
1,0,0,0,1,0,1,1,1,2,0,0,1,1,0,0,0,0,0,89
1,0,1,1,1,0,1,1,1,2,0,0,1,0,0,0,0,0,0,89
1,1,0,0,1,0,1,1,1,2,0,0,1,1,0,0,0,0,0,89
1,1,1,1,1,0,1,1,1,2,0,0,1,0,0,0,0,0,0,89
1,0,0,0,1,0,1,1,1,2,2,2,1,1,0,0,0,0,1,90
1,0,1,1,1,0,1,1,1,2,2,2,1,0,0,1,0,0,1,90
1,1,0,0,1,0,1,1,1,2,2,2,1,1,0,0,0,0,1,90
1,1,1,1,1,0,1,1,1,2,2,2,1,0,0,1,0,0,1,90
1,0,0,0,1,0,1,1,0,1,0,0,1,1,1,0,0,0,1,91
1,0,1,1,1,0,1,1,0,1,0,0,1,0,1,0,0,0,1,91
1,1,0,0,1,0,1,1,1,2,0,0,1,1,1,0,0,0,1,91
1,1,1,1,1,0,1,1,1,2,0,0,1,0,1,0,0,0,1,91
0,0,0,0,0,0,0,1,0,2,2,2,0,0,0,0,0,0,1,92
0,0,1,1,0,0,0,1,0,2,2,2,0,0,0,0,0,1,1,92
0,1,0,0,0,0,0,1,1,2,2,2,0,0,0,0,0,0,1,92
0,1,1,1,0,0,0,1,1,2,2,2,0,0,0,0,0,1,1,92
1,0,0,0,1,0,1,1,0,2,2,2,1,1,0,0,0,0,1,92
1,0,1,1,1,0,1,1,0,2,2,2,1,0,0,0,0,1,1,92
1,1,0,0,1,0,1,1,1,2,2,2,1,1,0,0,0,0,1,92
1,1,1,1,1,0,1,1,1,2,2,2,1,0,0,0,0,1,1,92
0,0,0,0,0,0,0,0,0,0,0,0,0,0,0,0,1,0,0,93
0,0,1,1,0,0,0,0,0,0,0,0,0,0,0,0,1,0,0,93
0,1,0,0,0,0,0,0,1,2,2,2,0,0,0,0,1,0,1,93
0,1,1,1,0,0,0,0,1,2,2,2,0,0,0,1,1,0,1,93
1,0,0,0,1,0,1,1,0,1,1,1,1,1,0,0,1,0,1,93
1,0,1,1,1,0,1,1,0,1,1,1,1,0,1,0,1,1,0,93
1,1,0,0,1,0,1,1,1,2,2,2,1,1,0,0,1,0,1,93
1,1,1,1,1,0,1,1,1,2,2,2,1,0,0,1,1,0,1,93
1,0,0,0,1,0,1,1,0,1,1,1,1,1,1,0,0,0,0,94
1,0,1,1,1,0,1,1,0,1,1,1,1,0,1,0,0,1,0,94
1,1,0,0,1,0,1,1,1,2,2,2,1,1,1,0,0,0,0,94
1,1,1,1,1,0,1,1,1,2,2,2,1,0,1,0,0,1,0,94
0,0,0,0,0,0,0,1,0,1,2,2,0,0,1,0,0,0,1,95
0,0,1,1,0,0,0,1,0,1,2,2,0,0,1,0,0,1,1,95
0,1,0,0,0,0,0,1,1,2,2,2,0,0,1,0,0,0,1,95
0,1,1,1,0,0,0,1,1,2,2,2,0,0,1,0,0,1,1,95
1,0,0,0,1,0,1,1,0,1,2,2,1,1,1,0,0,0,1,95
1,0,1,1,1,0,1,1,0,1,2,2,1,0,1,0,0,1,1,95
1,1,0,0,1,0,1,1,1,2,2,2,1,1,1,0,0,0,1,95
1,1,1,1,1,0,1,1,1,2,2,2,1,0,1,0,0,1,1,95
1,0,0,0,1,0,1,1,1,2,2,2,1,1,0,0,0,0,1,96
1,0,1,1,1,0,1,1,1,2,2,2,1,0,0,1,0,0,1,96
1,1,0,0,1,0,1,1,1,2,2,2,1,1,0,0,0,0,1,96
1,1,1,1,1,0,1,1,1,2,2,2,1,0,0,1,0,0,1,96
0,0,0,0,0,0,0,0,0,0,2,2,0,0,0,0,0,0,1,97
0,0,1,1,0,0,0,0,0,0,2,2,0,0,0,0,0,1,1,97
0,1,0,0,0,0,0,0,1,2,2,2,0,0,0,0,0,0,1,97
0,1,1,1,0,0,0,0,1,2,2,2,0,0,0,0,0,1,1,97
1,0,0,0,1,0,1,1,0,1,2,2,1,1,0,0,0,0,1,97
1,0,1,1,1,0,1,1,0,1,2,2,1,0,0,0,0,1,1,97
1,1,0,0,1,0,1,1,1,2,2,2,1,1,0,0,0,0,1,97
1,1,1,1,1,0,1,1,1,2,2,2,1,0,0,0,0,1,1,97
1,0,0,0,1,0,1,1,1,2,2,2,1,1,0,0,0,0,1,98
1,0,1,1,1,0,1,1,1,2,2,2,1,0,0,1,0,0,1,98
1,1,0,0,1,0,1,1,1,2,2,2,1,1,0,0,0,0,1,98
1,1,1,1,1,0,1,1,1,2,2,2,1,0,0,1,0,0,1,98
0,0,0,0,0,0,0,1,1,2,2,2,0,0,1,0,0,0,1,99
0,0,1,1,0,0,0,1,1,2,2,2,0,0,1,0,0,1,1,99
0,1,0,0,0,0,0,1,1,2,2,2,0,0,1,0,0,0,1,99
0,1,1,1,0,0,0,1,1,2,2,2,0,0,1,0,0,1,1,99
1,0,0,0,1,0,1,1,1,2,2,2,1,1,1,0,0,0,1,99
1,0,1,1,1,0,1,1,1,2,2,2,1,0,1,0,0,1,1,99
1,1,0,0,1,0,1,1,1,2,2,2,1,1,1,0,0,0,1,99
1,1,1,1,1,0,1,1,1,2,2,2,1,0,1,0,0,1,1,99
0,0,0,0,0,0,0,0,0,0,0,0,0,0,0,0,0,0,0,100
0,0,1,1,0,0,0,0,0,0,0,0,0,0,0,0,0,0,0,100
0,1,0,0,0,0,0,0,1,2,2,2,0,0,0,0,0,0,1,100
0,1,1,1,0,0,0,0,1,2,2,2,0,0,0,0,0,1,1,100
1,0,0,0,1,0,1,1,0,1,1,1,1,1,0,0,0,0,1,100
1,0,1,1,1,0,1,1,0,1,1,1,1,0,1,0,0,1,0,100
1,1,0,0,1,0,1,1,1,2,2,2,1,1,0,0,0,0,1,100
1,1,1,1,1,0,1,1,1,2,2,2,1,0,0,0,0,1,1,100
1,0,0,0,1,0,1,1,1,2,2,2,1,1,1,0,0,0,0,101
1,0,1,1,1,0,1,1,1,2,2,2,1,0,1,0,0,1,0,101
1,1,0,0,1,0,1,1,1,2,2,2,1,1,1,0,0,0,0,101
1,1,1,1,1,0,1,1,1,2,2,2,1,0,1,0,0,1,0,101
1,0,0,0,1,0,1,1,0,1,1,1,1,1,0,0,0,0,1,102
1,0,1,1,1,0,1,1,0,1,1,1,1,0,1,0,0,1,0,102
1,1,0,0,1,0,1,1,1,2,2,2,1,1,0,0,0,0,1,102
1,1,1,1,1,0,1,1,1,2,2,2,1,0,0,1,0,0,1,102
1,0,0,0,1,0,1,1,1,2,2,2,1,1,1,0,0,0,0,103
1,0,1,1,1,0,1,1,1,2,2,2,1,0,1,0,0,1,0,103
1,1,0,0,1,0,1,1,1,2,2,2,1,1,1,0,0,0,0,103
1,1,1,1,1,0,1,1,1,2,2,2,1,0,1,0,0,1,0,103
0,0,0,1,0,0,0,0,0,0,0,0,0,0,0,0,0,0,0,104
0,0,1,1,0,0,0,0,0,0,0,0,0,0,0,0,0,0,0,104
0,1,0,1,0,0,0,0,1,2,2,2,0,0,0,1,0,0,1,104
0,1,1,1,0,0,0,0,1,2,2,2,0,0,0,1,0,0,1,104
1,0,0,1,1,0,1,1,0,1,1,1,1,0,1,0,0,1,0,104
1,0,1,1,1,0,1,1,0,1,1,1,1,0,1,0,0,1,0,104
1,1,0,1,1,0,1,1,1,2,2,2,1,0,0,1,0,0,1,104
1,1,1,1,1,0,1,1,1,2,2,2,1,0,0,1,0,0,1,104
0,0,0,1,0,0,0,0,0,0,0,0,1,0,1,0,0,0,0,105
0,0,1,1,0,0,0,0,0,0,0,0,1,0,1,0,0,0,0,105
0,1,0,1,0,0,0,0,1,2,2,2,1,0,1,0,0,1,0,105
0,1,1,1,0,0,0,0,1,2,2,2,1,0,1,0,0,1,0,105
1,0,0,1,1,0,1,1,0,1,1,1,1,0,1,0,0,1,0,105
1,0,1,1,1,0,1,1,0,1,1,1,1,0,1,0,0,1,0,105
1,1,0,1,1,0,1,1,1,2,2,2,1,0,1,0,0,1,0,105
1,1,1,1,1,0,1,1,1,2,2,2,1,0,1,0,0,1,0,105
0,0,0,0,0,0,0,1,1,2,2,2,0,0,1,0,0,0,0,106
0,0,1,1,0,0,0,1,1,2,2,2,0,0,1,0,0,1,0,106
0,1,0,0,0,0,0,1,1,2,2,2,0,0,1,0,0,0,0,106
0,1,1,1,0,0,0,1,1,2,2,2,0,0,1,0,0,1,0,106
1,0,0,0,1,0,1,1,1,2,2,2,1,1,1,0,0,0,0,106
1,0,1,1,1,0,1,1,1,2,2,2,1,0,1,0,0,1,0,106
1,1,0,0,1,0,1,1,1,2,2,2,1,1,1,0,0,0,0,106
1,1,1,1,1,0,1,1,1,2,2,2,1,0,1,0,0,1,0,106
1,0,0,0,1,0,1,1,1,2,2,2,1,1,0,0,0,0,1,107
1,0,1,1,1,0,1,1,1,2,2,2,1,0,0,1,0,0,1,107
1,1,0,0,1,0,1,1,1,2,2,2,1,1,0,0,0,0,1,107
1,1,1,1,1,0,1,1,1,2,2,2,1,0,0,1,0,0,1,107
0,0,0,0,0,0,0,0,0,0,0,0,0,0,0,0,0,0,1,108
0,0,1,1,0,0,0,0,0,0,0,0,0,0,0,0,0,0,1,108
0,1,0,0,0,0,0,0,1,2,2,2,0,0,0,0,0,0,1,108
0,1,1,1,0,0,0,0,1,2,2,2,0,0,0,1,0,0,1,108
1,0,0,0,1,0,1,1,0,1,1,1,1,1,0,0,0,0,1,108
1,0,1,1,1,0,1,1,0,1,1,1,1,0,1,0,0,1,1,108
1,1,0,0,1,0,1,1,1,2,2,2,1,1,0,0,0,0,1,108
1,1,1,1,1,0,1,1,1,2,2,2,1,0,0,1,0,0,1,108
0,0,0,0,0,0,0,0,0,0,0,0,0,0,0,0,0,0,1,109
0,0,1,1,0,0,0,0,0,0,0,0,0,0,0,0,0,0,1,109
0,1,0,0,0,0,0,0,1,2,2,2,0,0,0,0,0,0,1,109
0,1,1,1,0,0,0,0,1,2,2,2,0,0,0,1,0,0,1,109
1,0,0,0,1,0,1,1,0,1,1,1,1,1,0,0,0,0,1,109
1,0,1,1,1,0,1,1,0,1,1,1,1,0,1,0,0,1,1,109
1,1,0,0,1,0,1,1,1,2,2,2,1,1,0,0,0,0,1,109
1,1,1,1,1,0,1,1,1,2,2,2,1,0,0,1,0,0,1,109
0,0,0,0,0,0,0,0,0,2,2,2,0,0,0,0,0,0,1,110
0,0,1,1,0,0,0,0,0,2,2,2,0,0,0,1,0,0,1,110
0,1,0,0,0,0,0,0,1,2,2,2,0,0,0,0,0,0,1,110
0,1,1,1,0,0,0,0,1,2,2,2,0,0,0,1,0,0,1,110
1,0,0,0,1,0,1,1,0,2,2,2,1,1,0,0,0,0,1,110
1,0,1,1,1,0,1,1,0,2,2,2,1,0,0,1,0,0,1,110
1,1,0,0,1,0,1,1,1,2,2,2,1,1,0,0,0,0,1,110
1,1,1,1,1,0,1,1,1,2,2,2,1,0,0,1,0,0,1,110
0,0,0,0,0,0,0,0,0,2,2,2,0,0,0,0,0,0,1,111
0,0,1,1,0,0,0,0,0,2,2,2,0,0,0,1,0,0,1,111
0,1,0,0,0,0,0,0,1,2,2,2,0,0,0,0,0,0,1,111
0,1,1,1,0,0,0,0,1,2,2,2,0,0,0,1,0,0,1,111
1,0,0,0,1,0,1,1,0,2,2,2,1,1,0,0,0,0,1,111
1,0,1,1,1,0,1,1,0,2,2,2,1,0,0,1,0,0,1,111
1,1,0,0,1,0,1,1,1,2,2,2,1,1,0,0,0,0,1,111
1,1,1,1,1,0,1,1,1,2,2,2,1,0,0,1,0,0,1,111
0,0,0,0,1,0,1,1,1,2,2,2,1,1,0,0,0,0,1,112
0,0,1,1,1,0,1,1,1,2,2,2,1,0,0,1,0,0,1,112
0,1,0,0,1,0,1,1,1,2,2,2,1,1,0,0,0,0,1,112
0,1,1,1,1,0,1,1,1,2,2,2,1,0,0,1,0,0,1,112
1,0,0,0,1,0,1,1,1,2,2,2,1,1,0,0,0,0,1,112
1,0,1,1,1,0,1,1,1,2,2,2,1,0,0,1,0,0,1,112
1,1,0,0,1,0,1,1,1,2,2,2,1,1,0,0,0,0,1,112
1,1,1,1,1,0,1,1,1,2,2,2,1,0,0,1,0,0,1,112
0,0,0,0,0,0,0,0,0,0,2,2,0,0,0,0,0,0,1,113
0,0,1,1,0,0,0,0,0,0,2,2,0,0,0,1,0,0,1,113
0,1,0,0,0,0,0,0,1,2,2,2,0,0,0,0,0,0,1,113
0,1,1,1,0,0,0,0,1,2,2,2,0,0,0,1,0,0,1,113
1,0,0,0,1,0,1,1,0,1,2,2,1,1,0,0,0,0,1,113
1,0,1,1,1,0,1,1,0,1,2,2,1,0,0,1,0,0,1,113
1,1,0,0,1,0,1,1,1,2,2,2,1,1,0,0,0,0,1,113
1,1,1,1,1,0,1,1,1,2,2,2,1,0,0,1,0,0,1,113
0,0,0,0,0,0,0,0,0,0,2,2,0,0,0,0,0,0,1,114
0,0,1,1,0,0,0,0,0,0,2,2,0,0,0,1,0,0,1,114
0,1,0,0,0,0,0,0,1,2,2,2,0,0,0,0,0,0,1,114
0,1,1,1,0,0,0,0,1,2,2,2,0,0,0,1,0,0,1,114
1,0,0,0,1,0,1,1,0,1,2,2,1,1,0,0,0,0,1,114
1,0,1,1,1,0,1,1,0,1,2,2,1,0,0,1,0,0,1,114
1,1,0,0,1,0,1,1,1,2,2,2,1,1,0,0,0,0,1,114
1,1,1,1,1,0,1,1,1,2,2,2,1,0,0,1,0,0,1,114
0,0,0,0,0,0,0,1,1,2,2,2,1,1,0,0,0,0,1,115
0,0,1,1,0,0,0,1,1,2,2,2,1,0,0,0,0,1,1,115
0,1,0,0,0,0,0,1,1,2,2,2,1,1,0,0,0,0,1,115
0,1,1,1,0,0,0,1,1,2,2,2,1,0,0,0,0,1,1,115
1,0,0,0,1,0,1,1,1,2,2,2,1,1,0,0,0,0,1,115
1,0,1,1,1,0,1,1,1,2,2,2,1,0,0,0,0,1,1,115
1,1,0,0,1,0,1,1,1,2,2,2,1,1,0,0,0,0,1,115
1,1,1,1,1,0,1,1,1,2,2,2,1,0,0,0,0,1,1,115
0,0,0,0,0,0,0,0,0,0,2,2,0,0,0,0,0,0,1,116
0,0,1,1,0,0,0,0,0,0,2,2,0,0,0,1,0,0,1,116
0,1,0,0,0,0,0,0,1,2,2,2,0,0,0,0,0,0,1,116
0,1,1,1,0,0,0,0,1,2,2,2,0,0,0,1,0,0,1,116
1,0,0,0,1,0,1,1,0,1,2,2,1,1,0,0,0,0,1,116
1,0,1,1,1,0,1,1,0,1,2,2,1,0,0,1,0,0,1,116
1,1,0,0,1,0,1,1,1,2,2,2,1,1,0,0,0,0,1,116
1,1,1,1,1,0,1,1,1,2,2,2,1,0,0,1,0,0,1,116
0,0,0,0,0,0,0,0,0,0,2,2,0,0,0,0,0,0,1,117
0,0,1,1,0,0,0,0,0,0,2,2,0,0,0,1,0,0,1,117
0,1,0,0,0,0,0,0,1,2,2,2,0,0,0,0,0,0,1,117
0,1,1,1,0,0,0,0,1,2,2,2,0,0,0,1,0,0,1,117
1,0,0,0,1,0,1,1,0,1,2,2,1,1,0,0,0,0,1,117
1,0,1,1,1,0,1,1,0,1,2,2,1,0,0,1,0,0,1,117
1,1,0,0,1,0,1,1,1,2,2,2,1,1,0,0,0,0,1,117
1,1,1,1,1,0,1,1,1,2,2,2,1,0,0,1,0,0,1,117
0,0,0,0,0,0,0,0,0,0,2,2,0,0,0,0,0,0,1,118
0,0,1,1,0,0,0,0,0,0,2,2,0,0,0,1,0,0,1,118
0,1,0,0,0,0,0,0,1,2,2,2,0,0,0,0,0,0,1,118
0,1,1,1,0,0,0,0,1,2,2,2,0,0,0,1,0,0,1,118
1,0,0,0,1,0,1,1,0,1,2,2,1,1,0,0,0,0,1,118
1,0,1,1,1,0,1,1,0,1,2,2,1,0,0,1,0,0,1,118
1,1,0,0,1,0,1,1,1,2,2,2,1,1,0,0,0,0,1,118
1,1,1,1,1,0,1,1,1,2,2,2,1,0,0,1,0,0,1,118
0,0,0,0,0,0,0,0,0,0,2,2,0,0,0,0,0,0,1,119
0,0,1,1,0,0,0,0,0,0,2,2,0,0,0,1,0,0,1,119
0,1,0,0,0,0,0,0,1,2,2,2,0,0,0,0,0,0,1,119
0,1,1,1,0,0,0,0,1,2,2,2,0,0,0,1,0,0,1,119
1,0,0,0,1,0,1,1,0,1,2,2,1,1,0,0,0,0,1,119
1,0,1,1,1,0,1,1,0,1,2,2,1,0,0,1,0,0,1,119
1,1,0,0,1,0,1,1,1,2,2,2,1,1,0,0,0,0,1,119
1,1,1,1,1,0,1,1,1,2,2,2,1,0,0,1,0,0,1,119
0,0,0,0,0,0,0,0,0,0,2,2,0,0,0,0,0,0,1,120
0,0,1,1,0,0,0,0,0,0,2,2,0,0,0,1,0,0,1,120
0,1,0,0,0,0,0,0,1,2,2,2,0,0,0,0,0,0,1,120
0,1,1,1,0,0,0,0,1,2,2,2,0,0,0,1,0,0,1,120
1,0,0,0,1,0,1,1,0,1,2,2,1,1,0,0,0,0,1,120
1,0,1,1,1,0,1,1,0,1,2,2,1,0,0,1,0,0,1,120
1,1,0,0,1,0,1,1,1,2,2,2,1,1,0,0,0,0,1,120
1,1,1,1,1,0,1,1,1,2,2,2,1,0,0,1,0,0,1,120
0,0,0,0,0,0,0,1,0,1,2,2,0,0,0,0,0,0,1,121
0,0,1,1,0,0,0,1,0,1,2,2,0,0,0,1,0,0,1,121
0,1,0,0,0,0,0,1,1,2,2,2,0,0,0,0,0,0,1,121
0,1,1,1,0,0,0,1,1,2,2,2,0,0,0,1,0,0,1,121
1,0,0,0,1,0,1,1,0,1,2,2,1,1,0,0,0,0,1,121
1,0,1,1,1,0,1,1,0,1,2,2,1,0,0,1,0,0,1,121
1,1,0,0,1,0,1,1,1,2,2,2,1,1,0,0,0,0,1,121
1,1,1,1,1,0,1,1,1,2,2,2,1,0,0,1,0,0,1,121
0,0,0,0,0,0,0,0,0,0,2,2,0,0,0,0,0,0,1,122
0,0,1,1,0,0,0,0,0,0,2,2,0,0,0,1,0,0,1,122
0,1,0,0,0,0,0,0,1,2,2,2,0,0,0,0,0,0,1,122
0,1,1,1,0,0,0,0,1,2,2,2,0,0,0,1,0,0,1,122
1,0,0,0,1,0,1,1,0,1,2,2,1,1,0,0,0,0,1,122
1,0,1,1,1,0,1,1,0,1,2,2,1,0,0,1,0,0,1,122
1,1,0,0,1,0,1,1,1,2,2,2,1,1,0,0,0,0,1,122
1,1,1,1,1,0,1,1,1,2,2,2,1,0,0,1,0,0,1,122
0,0,0,0,0,0,0,0,0,0,2,2,0,0,0,0,0,0,1,123
0,0,1,1,0,0,0,0,0,0,2,2,0,0,0,1,0,0,1,123
0,1,0,0,0,0,0,0,1,2,2,2,0,0,0,0,0,0,1,123
0,1,1,1,0,0,0,0,1,2,2,2,0,0,0,1,0,0,1,123
1,0,0,0,1,0,1,1,0,1,2,2,1,1,0,0,0,0,1,123
1,0,1,1,1,0,1,1,0,1,2,2,1,0,0,1,0,0,1,123
1,1,0,0,1,0,1,1,1,2,2,2,1,1,0,0,0,0,1,123
1,1,1,1,1,0,1,1,1,2,2,2,1,0,0,1,0,0,1,123
0,0,0,0,0,0,0,0,0,0,2,2,1,1,0,0,0,0,1,124
0,0,1,1,0,0,0,0,0,0,2,2,1,0,0,0,0,1,1,124
0,1,0,0,0,0,0,0,1,2,2,2,1,1,0,0,0,0,1,124
0,1,1,1,0,0,0,0,1,2,2,2,1,0,0,0,0,1,1,124
1,0,0,0,1,0,1,1,0,1,2,2,1,1,0,0,0,0,1,124
1,0,1,1,1,0,1,1,0,1,2,2,1,0,0,0,0,1,1,124
1,1,0,0,1,0,1,1,1,2,2,2,1,1,0,0,0,0,1,124
1,1,1,1,1,0,1,1,1,2,2,2,1,0,0,0,0,1,1,124
0,0,0,0,0,0,0,1,0,1,2,2,0,0,0,0,0,0,1,125
0,0,1,1,0,0,0,1,0,1,2,2,0,0,0,1,0,0,1,125
0,1,0,0,0,0,0,1,1,2,2,2,0,0,0,0,0,0,1,125
0,1,1,1,0,0,0,1,1,2,2,2,0,0,0,1,0,0,1,125
1,0,0,0,1,0,1,1,0,1,2,2,1,1,0,0,0,0,1,125
1,0,1,1,1,0,1,1,0,1,2,2,1,0,0,1,0,0,1,125
1,1,0,0,1,0,1,1,1,2,2,2,1,1,0,0,0,0,1,125
1,1,1,1,1,0,1,1,1,2,2,2,1,0,0,1,0,0,1,125
0,0,0,0,0,0,0,0,0,0,2,2,0,0,0,0,0,0,1,126
0,0,1,1,0,0,0,0,0,0,2,2,0,0,0,1,0,0,1,126
0,1,0,0,0,0,0,0,1,2,2,2,0,0,0,0,0,0,1,126
0,1,1,1,0,0,0,0,1,2,2,2,0,0,0,1,0,0,1,126
1,0,0,0,1,0,1,1,0,1,2,2,1,1,0,0,0,0,1,126
1,0,1,1,1,0,1,1,0,1,2,2,1,0,0,1,0,0,1,126
1,1,0,0,1,0,1,1,1,2,2,2,1,1,0,0,0,0,1,126
1,1,1,1,1,0,1,1,1,2,2,2,1,0,0,1,0,0,1,126
0,0,0,0,0,0,0,1,0,1,2,2,1,1,0,0,0,0,1,127
0,0,1,1,0,0,0,1,0,1,2,2,1,0,0,0,0,1,1,127
0,1,0,0,0,0,0,1,1,2,2,2,1,1,0,0,0,0,1,127
0,1,1,1,0,0,0,1,1,2,2,2,1,0,0,0,0,1,1,127
1,0,0,0,1,0,1,1,0,1,2,2,1,1,0,0,0,0,1,127
1,0,1,1,1,0,1,1,0,1,2,2,1,0,0,0,0,1,1,127
1,1,0,0,1,0,1,1,1,2,2,2,1,1,0,0,0,0,1,127
1,1,1,1,1,0,1,1,1,2,2,2,1,0,0,0,0,1,1,127
0,0,0,0,0,0,0,0,0,0,2,2,0,0,0,0,0,0,1,128
0,0,1,1,0,0,0,0,0,0,2,2,0,0,0,1,0,0,1,128
0,1,0,0,0,0,0,0,1,2,2,2,0,0,0,0,0,0,1,128
0,1,1,1,0,0,0,0,1,2,2,2,0,0,0,1,0,0,1,128
1,0,0,0,1,0,1,1,0,1,2,2,1,1,0,0,0,0,1,128
1,0,1,1,1,0,1,1,0,1,2,2,1,0,0,1,0,0,1,128
1,1,0,0,1,0,1,1,1,2,2,2,1,1,0,0,0,0,1,128
1,1,1,1,1,0,1,1,1,2,2,2,1,0,0,1,0,0,1,128
0,0,0,0,0,0,0,0,0,0,2,2,0,0,0,0,0,0,1,129
0,0,1,1,0,0,0,0,0,0,2,2,0,0,0,1,0,0,1,129
0,1,0,0,0,0,0,0,1,2,2,2,0,0,0,0,0,0,1,129
0,1,1,1,0,0,0,0,1,2,2,2,0,0,0,1,0,0,1,129
1,0,0,0,1,0,1,1,0,1,2,2,1,1,0,0,0,0,1,129
1,0,1,1,1,0,1,1,0,1,2,2,1,0,0,1,0,0,1,129
1,1,0,0,1,0,1,1,1,2,2,2,1,1,0,0,0,0,1,129
1,1,1,1,1,0,1,1,1,2,2,2,1,0,0,1,0,0,1,129
0,0,0,0,0,0,0,0,0,0,2,2,0,0,0,0,0,0,1,130
0,0,1,1,0,0,0,0,0,0,2,2,0,0,0,1,0,0,1,130
0,1,0,0,0,0,0,0,1,2,2,2,0,0,0,0,0,0,1,130
0,1,1,1,0,0,0,0,1,2,2,2,0,0,0,1,0,0,1,130
1,0,0,0,1,0,1,1,0,1,2,2,1,1,0,0,0,0,1,130
1,0,1,1,1,0,1,1,0,1,2,2,1,0,0,1,0,0,1,130
1,1,0,0,1,0,1,1,1,2,2,2,1,1,0,0,0,0,1,130
1,1,1,1,1,0,1,1,1,2,2,2,1,0,0,1,0,0,1,130
0,0,0,0,0,0,0,0,0,0,2,2,0,0,0,0,0,0,1,131
0,0,1,1,0,0,0,0,0,0,2,2,0,0,0,1,0,0,1,131
0,1,0,0,0,0,0,0,1,2,2,2,0,0,0,0,0,0,1,131
0,1,1,1,0,0,0,0,1,2,2,2,0,0,0,1,0,0,1,131
1,0,0,0,1,0,1,1,0,1,2,2,1,1,0,0,0,0,1,131
1,0,1,1,1,0,1,1,0,1,2,2,1,0,0,1,0,0,1,131
1,1,0,0,1,0,1,1,1,2,2,2,1,1,0,0,0,0,1,131
1,1,1,1,1,0,1,1,1,2,2,2,1,0,0,1,0,0,1,131
0,0,0,0,0,0,0,1,0,1,2,2,0,0,0,0,0,0,1,132
0,0,1,1,0,0,0,1,0,1,2,2,0,0,0,1,0,0,1,132
0,1,0,0,0,0,0,1,1,2,2,2,0,0,0,0,0,0,1,132
0,1,1,1,0,0,0,1,1,2,2,2,0,0,0,1,0,0,1,132
1,0,0,0,1,0,1,1,0,1,2,2,1,1,0,0,0,0,1,132
1,0,1,1,1,0,1,1,0,1,2,2,1,0,0,1,0,0,1,132
1,1,0,0,1,0,1,1,1,2,2,2,1,1,0,0,0,0,1,132
1,1,1,1,1,0,1,1,1,2,2,2,1,0,0,1,0,0,1,132
0,0,0,0,0,0,0,0,0,0,2,2,0,0,0,0,0,0,1,133
0,0,1,1,0,0,0,0,0,0,2,2,0,0,0,1,0,0,1,133
0,1,0,0,0,0,0,0,1,2,2,2,0,0,0,0,0,0,1,133
0,1,1,1,0,0,0,0,1,2,2,2,0,0,0,1,0,0,1,133
1,0,0,0,1,0,1,1,0,1,2,2,1,1,0,0,0,0,1,133
1,0,1,1,1,0,1,1,0,1,2,2,1,0,0,1,0,0,1,133
1,1,0,0,1,0,1,1,1,2,2,2,1,1,0,0,0,0,1,133
1,1,1,1,1,0,1,1,1,2,2,2,1,0,0,1,0,0,1,133
0,0,0,0,0,0,0,0,0,0,2,2,0,0,0,0,0,0,1,134
0,0,1,1,0,0,0,0,0,0,2,2,0,0,0,1,0,0,1,134
0,1,0,0,0,0,0,0,1,2,2,2,0,0,0,0,0,0,1,134
0,1,1,1,0,0,0,0,1,2,2,2,0,0,0,1,0,0,1,134
1,0,0,0,1,0,1,1,0,1,2,2,1,1,0,0,0,0,1,134
1,0,1,1,1,0,1,1,0,1,2,2,1,0,0,1,0,0,1,134
1,1,0,0,1,0,1,1,1,2,2,2,1,1,0,0,0,0,1,134
1,1,1,1,1,0,1,1,1,2,2,2,1,0,0,1,0,0,1,134
0,0,0,0,0,0,0,1,0,1,1,1,0,0,1,0,0,0,1,135
0,0,1,1,0,0,0,1,0,1,1,1,0,0,1,0,0,1,1,135
0,1,0,0,0,0,0,1,1,2,2,2,0,0,0,0,0,0,1,135
0,1,1,1,0,0,0,1,1,2,2,2,0,0,0,1,0,0,1,135
1,0,0,0,1,0,1,1,0,1,1,1,1,1,0,0,0,0,1,135
1,0,1,1,1,0,1,1,0,1,1,1,1,0,1,0,0,1,1,135
1,1,0,0,1,0,1,1,1,2,2,2,1,1,0,0,0,0,1,135
1,1,1,1,1,0,1,1,1,2,2,2,1,0,0,1,0,0,1,135
0,0,0,0,0,0,0,1,0,1,1,1,0,0,1,0,0,0,1,136
0,0,1,1,0,0,0,1,0,1,1,1,0,0,1,0,0,1,1,136
0,1,0,0,0,0,0,1,1,2,2,2,0,0,0,0,0,0,1,136
0,1,1,1,0,0,0,1,1,2,2,2,0,0,0,1,0,0,1,136
1,0,0,0,1,0,1,1,0,1,1,1,1,1,0,0,0,0,1,136
1,0,1,1,1,0,1,1,0,1,1,1,1,0,1,0,0,1,1,136
1,1,0,0,1,0,1,1,1,2,2,2,1,1,0,0,0,0,1,136
1,1,1,1,1,0,1,1,1,2,2,2,1,0,0,1,0,0,1,136
0,0,0,0,0,0,0,1,0,1,1,1,0,0,1,0,0,0,1,137
0,0,1,1,0,0,0,1,0,1,1,1,0,0,1,0,0,1,1,137
0,1,0,0,0,0,0,1,1,2,2,2,0,0,0,0,0,0,1,137
0,1,1,1,0,0,0,1,1,2,2,2,0,0,0,1,0,0,1,137
1,0,0,0,1,0,1,1,0,1,1,1,1,1,0,0,0,0,1,137
1,0,1,1,1,0,1,1,0,1,1,1,1,0,1,0,0,1,1,137
1,1,0,0,1,0,1,1,1,2,2,2,1,1,0,0,0,0,1,137
1,1,1,1,1,0,1,1,1,2,2,2,1,0,0,1,0,0,1,137
0,0,0,0,0,0,0,1,0,1,1,1,0,0,1,0,0,0,1,138
0,0,1,1,0,0,0,1,0,1,1,1,0,0,1,0,0,1,1,138
0,1,0,0,0,0,0,1,1,2,2,2,0,0,0,0,0,0,1,138
0,1,1,1,0,0,0,1,1,2,2,2,0,0,0,1,0,0,1,138
1,0,0,0,1,0,1,1,0,1,1,1,1,1,0,0,0,0,1,138
1,0,1,1,1,0,1,1,0,1,1,1,1,0,1,0,0,1,1,138
1,1,0,0,1,0,1,1,1,2,2,2,1,1,0,0,0,0,1,138
1,1,1,1,1,0,1,1,1,2,2,2,1,0,0,1,0,0,1,138
0,0,0,0,0,0,0,1,1,2,2,2,1,1,0,0,0,0,1,139
0,0,1,1,0,0,0,1,1,2,2,2,1,0,0,0,0,1,1,139
0,1,0,0,0,0,0,1,1,2,2,2,1,1,0,0,0,0,1,139
0,1,1,1,0,0,0,1,1,2,2,2,1,0,0,0,0,1,1,139
1,0,0,0,1,0,1,1,1,2,2,2,1,1,0,0,0,0,1,139
1,0,1,1,1,0,1,1,1,2,2,2,1,0,0,0,0,1,1,139
1,1,0,0,1,0,1,1,1,2,2,2,1,1,0,0,0,0,1,139
1,1,1,1,1,0,1,1,1,2,2,2,1,0,0,0,0,1,1,139
0,0,0,0,0,0,0,1,1,2,2,2,0,0,1,0,0,0,1,140
0,0,1,1,0,0,0,1,1,2,2,2,0,0,1,0,0,1,1,140
0,1,0,0,0,0,0,1,1,2,2,2,0,0,1,0,0,0,1,140
0,1,1,1,0,0,0,1,1,2,2,2,0,0,1,0,0,1,1,140
1,0,0,0,1,0,1,1,1,2,2,2,1,1,1,0,0,0,1,140
1,0,1,1,1,0,1,1,1,2,2,2,1,0,1,0,0,1,1,140
1,1,0,0,1,0,1,1,1,2,2,2,1,1,1,0,0,0,1,140
1,1,1,1,1,0,1,1,1,2,2,2,1,0,1,0,0,1,1,140
0,0,0,0,0,0,0,1,1,2,2,2,0,0,1,0,0,0,1,141
0,0,1,1,0,0,0,1,1,2,2,2,0,0,1,0,0,1,1,141
0,1,0,0,0,0,0,1,1,2,2,2,0,0,1,0,0,0,1,141
0,1,1,1,0,0,0,1,1,2,2,2,0,0,1,0,0,1,1,141
1,0,0,0,1,0,1,1,1,2,2,2,1,1,1,0,0,0,1,141
1,0,1,1,1,0,1,1,1,2,2,2,1,0,1,0,0,1,1,141
1,1,0,0,1,0,1,1,1,2,2,2,1,1,1,0,0,0,1,141
1,1,1,1,1,0,1,1,1,2,2,2,1,0,1,0,0,1,1,141
0,0,0,0,0,0,0,0,0,0,0,0,0,0,1,0,0,0,0,142
0,0,1,1,0,0,0,0,0,0,0,0,0,0,1,0,0,0,0,142
0,1,0,0,0,0,0,0,1,2,2,2,0,0,1,0,0,0,0,142
0,1,1,1,0,0,0,0,1,2,2,2,0,0,1,0,0,1,0,142
1,0,0,0,1,0,1,1,0,1,1,1,1,1,1,0,0,0,0,142
1,0,1,1,1,0,1,1,0,1,1,1,1,0,1,0,0,1,0,142
1,1,0,0,1,0,1,1,1,2,2,2,1,1,1,0,0,0,0,142
1,1,1,1,1,0,1,1,1,2,2,2,1,0,1,0,0,1,0,142
0,0,0,0,0,0,0,1,0,1,1,1,0,0,1,0,0,0,1,143
0,0,1,1,0,0,0,1,0,1,1,1,0,0,1,0,0,1,1,143
0,1,0,0,0,0,0,1,1,2,2,2,0,0,1,0,0,0,1,143
0,1,1,1,0,0,0,1,1,2,2,2,0,0,1,0,0,1,1,143
1,0,0,0,1,0,1,1,0,1,1,1,1,1,1,0,0,0,1,143
1,0,1,1,1,0,1,1,0,1,1,1,1,0,1,0,0,1,1,143
1,1,0,0,1,0,1,1,1,2,2,2,1,1,1,0,0,0,1,143
1,1,1,1,1,0,1,1,1,2,2,2,1,0,1,0,0,1,1,143
0,0,0,0,0,0,0,0,0,0,0,0,0,0,1,0,0,0,0,144
0,0,1,1,0,0,0,0,0,0,0,0,0,0,1,0,0,0,0,144
0,1,0,0,0,0,0,0,1,2,2,2,0,0,1,0,0,0,0,144
0,1,1,1,0,0,0,0,1,2,2,2,0,0,1,0,0,1,0,144
1,0,0,0,1,0,1,1,0,1,1,1,1,1,1,0,0,0,0,144
1,0,1,1,1,0,1,1,0,1,1,1,1,0,1,0,0,1,0,144
1,1,0,0,1,0,1,1,1,2,2,2,1,1,1,0,0,0,0,144
1,1,1,1,1,0,1,1,1,2,2,2,1,0,1,0,0,1,0,144
0,0,0,0,0,0,0,0,0,0,0,0,0,0,1,0,0,0,0,145
0,0,1,1,0,0,0,0,0,0,0,0,0,0,1,0,0,0,0,145
0,1,0,0,0,0,0,0,1,2,2,2,0,0,1,0,0,0,0,145
0,1,1,1,0,0,0,0,1,2,2,2,0,0,1,0,0,1,0,145
1,0,0,0,1,0,1,1,0,1,1,1,1,1,1,0,0,0,0,145
1,0,1,1,1,0,1,1,0,1,1,1,1,0,1,0,0,1,0,145
1,1,0,0,1,0,1,1,1,2,2,2,1,1,1,0,0,0,0,145
1,1,1,1,1,0,1,1,1,2,2,2,1,0,1,0,0,1,0,145
0,0,0,0,0,0,0,0,0,0,0,2,0,0,0,0,0,0,0,146
0,0,1,1,0,0,0,0,0,0,0,2,0,0,0,1,0,0,0,146
0,1,0,0,0,0,0,0,1,2,0,2,0,0,0,0,0,0,0,146
0,1,1,1,0,0,0,0,1,2,0,2,0,0,0,1,0,0,0,146
1,0,0,0,1,0,1,1,0,1,0,2,1,1,0,0,0,0,0,146
1,0,1,1,1,0,1,1,0,1,0,2,1,0,0,1,0,0,0,146
1,1,0,0,1,0,1,1,1,2,0,2,1,1,0,0,0,0,0,146
1,1,1,1,1,0,1,1,1,2,0,2,1,0,0,1,0,0,0,146
0,0,0,0,0,0,0,1,0,1,0,2,0,0,0,0,0,0,0,147
0,0,1,1,0,0,0,1,0,1,0,2,0,0,0,1,0,0,0,147
0,1,0,0,0,0,0,1,1,2,0,2,0,0,0,0,0,0,0,147
0,1,1,1,0,0,0,1,1,2,0,2,0,0,0,1,0,0,0,147
1,0,0,0,1,0,1,1,0,1,0,2,1,1,0,0,0,0,0,147
1,0,1,1,1,0,1,1,0,1,0,2,1,0,0,1,0,0,0,147
1,1,0,0,1,0,1,1,1,2,0,2,1,1,0,0,0,0,0,147
1,1,1,1,1,0,1,1,1,2,0,2,1,0,0,1,0,0,0,147
0,0,0,0,0,0,0,1,0,1,1,1,0,0,1,0,0,0,0,148
0,0,1,1,0,0,0,1,0,1,1,1,0,0,1,0,0,1,0,148
0,1,0,0,0,0,0,1,1,2,2,2,0,0,0,0,0,0,1,148
0,1,1,1,0,0,0,1,1,2,2,2,0,0,0,1,0,0,1,148
1,0,0,0,1,0,1,1,0,1,1,1,1,1,0,0,0,0,1,148
1,0,1,1,1,0,1,1,0,1,1,1,1,0,1,0,0,1,0,148
1,1,0,0,1,0,1,1,1,2,2,2,1,1,0,0,0,0,1,148
1,1,1,1,1,0,1,1,1,2,2,2,1,0,0,1,0,0,1,148
0,0,0,0,0,0,0,1,0,1,1,1,1,1,0,0,0,0,1,149
0,0,1,1,0,0,0,1,0,1,1,1,1,0,1,0,0,1,0,149
0,1,0,0,0,0,0,1,1,2,2,2,1,1,0,0,0,0,1,149
0,1,1,1,0,0,0,1,1,2,2,2,1,0,0,0,0,1,1,149
1,0,0,0,1,0,1,1,0,1,1,1,1,1,0,0,0,0,1,149
1,0,1,1,1,0,1,1,0,1,1,1,1,0,1,0,0,1,0,149
1,1,0,0,1,0,1,1,1,2,2,2,1,1,0,0,0,0,1,149
1,1,1,1,1,0,1,1,1,2,2,2,1,0,0,0,0,1,1,149
0,0,0,0,1,0,1,1,1,2,2,2,1,1,0,0,0,0,1,150
0,0,1,1,1,0,1,1,1,2,2,2,1,0,0,1,0,0,1,150
0,1,0,0,1,0,1,1,1,2,2,2,1,1,0,0,0,0,1,150
0,1,1,1,1,0,1,1,1,2,2,2,1,0,0,1,0,0,1,150
1,0,0,0,1,0,1,1,1,2,2,2,1,1,0,0,0,0,1,150
1,0,1,1,1,0,1,1,1,2,2,2,1,0,0,1,0,0,1,150
1,1,0,0,1,0,1,1,1,2,2,2,1,1,0,0,0,0,1,150
1,1,1,1,1,0,1,1,1,2,2,2,1,0,0,1,0,0,1,150
0,0,0,0,0,0,0,0,1,2,2,2,1,1,1,0,0,0,0,151
0,0,1,1,0,0,0,0,1,2,2,2,1,0,1,0,0,1,0,151
0,1,0,0,0,0,0,0,1,2,2,2,1,1,1,0,0,0,0,151
0,1,1,1,0,0,0,0,1,2,2,2,1,0,1,0,0,1,0,151
1,0,0,0,1,0,1,1,1,2,2,2,1,1,1,0,0,0,0,151
1,0,1,1,1,0,1,1,1,2,2,2,1,0,1,0,0,1,0,151
1,1,0,0,1,0,1,1,1,2,2,2,1,1,1,0,0,0,0,151
1,1,1,1,1,0,1,1,1,2,2,2,1,0,1,0,0,1,0,151
0,0,0,0,0,0,0,0,1,2,2,2,1,1,1,0,0,0,0,152
0,0,1,1,0,0,0,0,1,2,2,2,1,0,1,0,0,1,0,152
0,1,0,0,0,0,0,0,1,2,2,2,1,1,1,0,0,0,0,152
0,1,1,1,0,0,0,0,1,2,2,2,1,0,1,0,0,1,0,152
1,0,0,0,1,0,1,1,1,2,2,2,1,1,1,0,0,0,0,152
1,0,1,1,1,0,1,1,1,2,2,2,1,0,1,0,0,1,0,152
1,1,0,0,1,0,1,1,1,2,2,2,1,1,1,0,0,0,0,152
1,1,1,1,1,0,1,1,1,2,2,2,1,0,1,0,0,1,0,152
0,0,0,0,0,0,0,1,1,2,2,2,1,1,1,0,0,0,1,153
0,0,1,1,0,0,0,1,1,2,2,2,1,0,1,0,0,1,1,153
0,1,0,0,0,0,0,1,1,2,2,2,1,1,1,0,0,0,1,153
0,1,1,1,0,0,0,1,1,2,2,2,1,0,1,0,0,1,1,153
1,0,0,0,1,0,1,1,1,2,2,2,1,1,1,0,0,0,1,153
1,0,1,1,1,0,1,1,1,2,2,2,1,0,1,0,0,1,1,153
1,1,0,0,1,0,1,1,1,2,2,2,1,1,1,0,0,0,1,153
1,1,1,1,1,0,1,1,1,2,2,2,1,0,1,0,0,1,1,153
0,0,0,0,0,0,0,1,0,1,1,1,0,0,1,0,0,0,1,154
0,0,1,1,0,0,0,1,0,1,1,1,0,0,1,0,0,1,1,154
0,1,0,0,0,0,0,1,1,2,2,2,0,0,0,0,0,0,1,154
0,1,1,1,0,0,0,1,1,2,2,2,0,0,0,1,0,0,1,154
1,0,0,0,1,0,1,1,0,1,1,1,1,1,0,0,0,0,1,154
1,0,1,1,1,0,1,1,0,1,1,1,1,0,1,0,0,1,1,154
1,1,0,0,1,0,1,1,1,2,2,2,1,1,0,0,0,0,1,154
1,1,1,1,1,0,1,1,1,2,2,2,1,0,0,1,0,0,1,154
0,0,0,0,0,0,0,1,0,1,1,1,0,0,1,0,0,0,1,155
0,0,1,1,0,0,0,1,0,1,1,1,0,0,1,0,0,1,1,155
0,1,0,0,0,0,0,1,1,2,2,2,0,0,0,0,0,0,1,155
0,1,1,1,0,0,0,1,1,2,2,2,0,0,0,1,0,0,1,155
1,0,0,0,1,0,1,1,0,1,1,1,1,1,0,0,0,0,1,155
1,0,1,1,1,0,1,1,0,1,1,1,1,0,1,0,0,1,1,155
1,1,0,0,1,0,1,1,1,2,2,2,1,1,0,0,0,0,1,155
1,1,1,1,1,0,1,1,1,2,2,2,1,0,0,1,0,0,1,155
0,0,0,0,0,0,0,1,0,1,1,1,0,0,1,0,0,0,1,156
0,0,1,1,0,0,0,1,0,1,1,1,0,0,1,0,0,1,1,156
0,1,0,0,0,0,0,1,1,2,2,2,0,0,0,0,0,0,1,156
0,1,1,1,0,0,0,1,1,2,2,2,0,0,0,1,0,0,1,156
1,0,0,0,1,0,1,1,0,1,1,1,1,1,0,0,0,0,1,156
1,0,1,1,1,0,1,1,0,1,1,1,1,0,1,0,0,1,1,156
1,1,0,0,1,0,1,1,1,2,2,2,1,1,0,0,0,0,1,156
1,1,1,1,1,0,1,1,1,2,2,2,1,0,0,1,0,0,1,156
0,0,0,0,0,0,0,1,0,1,1,1,0,0,1,0,0,0,1,157
0,0,1,1,0,0,0,1,0,1,1,1,0,0,1,0,0,1,1,157
0,1,0,0,0,0,0,1,1,2,2,2,0,0,0,0,0,0,1,157
0,1,1,1,0,0,0,1,1,2,2,2,0,0,0,1,0,0,1,157
1,0,0,0,1,0,1,1,0,1,1,1,1,1,0,0,0,0,1,157
1,0,1,1,1,0,1,1,0,1,1,1,1,0,1,0,0,1,1,157
1,1,0,0,1,0,1,1,1,2,2,2,1,1,0,0,0,0,1,157
1,1,1,1,1,0,1,1,1,2,2,2,1,0,0,1,0,0,1,157
0,0,0,0,0,0,0,1,0,1,1,1,0,0,1,0,0,0,1,158
0,0,1,1,0,0,0,1,0,1,1,1,0,0,1,0,0,1,1,158
0,1,0,0,0,0,0,1,1,2,2,2,0,0,0,0,0,0,1,158
0,1,1,1,0,0,0,1,1,2,2,2,0,0,0,1,0,0,1,158
1,0,0,0,1,0,1,1,0,1,1,1,1,1,0,0,0,0,1,158
1,0,1,1,1,0,1,1,0,1,1,1,1,0,1,0,0,1,1,158
1,1,0,0,1,0,1,1,1,2,2,2,1,1,0,0,0,0,1,158
1,1,1,1,1,0,1,1,1,2,2,2,1,0,0,1,0,0,1,158
0,0,0,0,0,0,0,1,0,1,1,1,0,0,1,0,0,0,1,159
0,0,1,1,0,0,0,1,0,1,1,1,0,0,1,0,0,1,1,159
0,1,0,0,0,0,0,1,1,2,2,2,0,0,0,0,0,0,1,159
0,1,1,1,0,0,0,1,1,2,2,2,0,0,0,1,0,0,1,159
1,0,0,0,1,0,1,1,0,1,1,1,1,1,0,0,0,0,1,159
1,0,1,1,1,0,1,1,0,1,1,1,1,0,1,0,0,1,1,159
1,1,0,0,1,0,1,1,1,2,2,2,1,1,0,0,0,0,1,159
1,1,1,1,1,0,1,1,1,2,2,2,1,0,0,1,0,0,1,159
0,0,0,0,0,0,0,1,0,1,1,1,0,0,1,0,0,0,1,160
0,0,1,1,0,0,0,1,0,1,1,1,0,0,1,0,0,1,1,160
0,1,0,0,0,0,0,1,1,2,2,2,0,0,0,0,0,0,1,160
0,1,1,1,0,0,0,1,1,2,2,2,0,0,0,1,0,0,1,160
1,0,0,0,1,0,1,1,0,1,1,1,1,1,0,0,0,0,1,160
1,0,1,1,1,0,1,1,0,1,1,1,1,0,1,0,0,1,1,160
1,1,0,0,1,0,1,1,1,2,2,2,1,1,0,0,0,0,1,160
1,1,1,1,1,0,1,1,1,2,2,2,1,0,0,1,0,0,1,160
0,0,0,0,0,0,0,1,0,1,1,1,0,0,1,0,0,0,1,161
0,0,1,1,0,0,0,1,0,1,1,1,0,0,1,0,0,1,1,161
0,1,0,0,0,0,0,1,1,2,2,2,0,0,0,0,0,0,1,161
0,1,1,1,0,0,0,1,1,2,2,2,0,0,0,1,0,0,1,161
1,0,0,0,1,0,1,1,0,1,1,1,1,1,0,0,0,0,1,161
1,0,1,1,1,0,1,1,0,1,1,1,1,0,1,0,0,1,1,161
1,1,0,0,1,0,1,1,1,2,2,2,1,1,0,0,0,0,1,161
1,1,1,1,1,0,1,1,1,2,2,2,1,0,0,1,0,0,1,161
0,0,0,0,0,0,0,1,0,1,1,1,0,0,1,0,0,0,1,162
0,0,1,1,0,0,0,1,0,1,1,1,0,0,1,0,0,1,1,162
0,1,0,0,0,0,0,1,1,2,2,2,0,0,0,0,0,0,1,162
0,1,1,1,0,0,0,1,1,2,2,2,0,0,0,1,0,0,1,162
1,0,0,0,1,0,1,1,0,1,1,1,1,1,0,0,0,0,1,162
1,0,1,1,1,0,1,1,0,1,1,1,1,0,1,0,0,1,1,162
1,1,0,0,1,0,1,1,1,2,2,2,1,1,0,0,0,0,1,162
1,1,1,1,1,0,1,1,1,2,2,2,1,0,0,1,0,0,1,162
1,0,0,0,1,0,1,1,0,1,0,0,1,1,0,0,0,0,0,163
1,0,1,1,1,0,1,1,0,1,0,0,1,0,0,0,0,0,0,163
1,1,0,0,1,0,1,1,1,2,0,0,1,1,0,0,0,0,0,163
1,1,1,1,1,0,1,1,1,2,0,0,1,0,0,0,0,0,0,163
1,0,0,0,1,0,1,1,0,1,0,0,1,1,0,0,0,0,0,164
1,0,1,1,1,0,1,1,0,1,0,0,1,0,0,0,0,0,0,164
1,1,0,0,1,0,1,1,1,2,0,0,1,1,0,0,0,0,0,164
1,1,1,1,1,0,1,1,1,2,0,0,1,0,0,0,0,0,0,164
