Hh,Ptc,Smo,Pka,Ci_act,Ci_rep,Wg,Fz,Arm,Pan,Egfr,Rl,Pnt,pGro,Gro,wg,en,hh,gsb,vnd,ind,msh,svp,ac,hkb,NB7_1,NB7_4,NB5_6,NB5_3,NB5_2,NB4_2,NB3_5,ID
0,1,0,1,0,1,0,0,0,0,0,0,0,0,1,0,0,0,0,0,0,1,0,0,0,0,0,0,0,0,0,0,0
0,1,0,1,0,1,0,0,0,0,0,0,0,1,0,0,0,0,0,0,1,0,0,0,0,0,0,0,0,0,0,0,0
0,1,0,1,0,1,0,0,0,0,1,1,1,1,0,0,0,0,0,0,1,0,0,0,0,0,0,0,0,0,0,0,0
0,1,0,1,0,1,0,0,0,0,1,1,1,1,0,0,0,0,0,1,0,0,1,1,1,0,0,0,0,0,1,1,0
0,1,0,1,0,1,1,1,1,1,0,0,0,0,1,0,0,0,0,0,0,1,0,1,0,0,0,0,0,0,0,1,0
0,1,0,1,0,1,1,1,1,1,0,0,0,1,0,0,0,0,0,0,1,0,0,0,0,0,0,0,0,0,0,0,0
0,1,0,1,0,1,1,1,1,1,1,1,1,1,0,0,0,0,0,0,1,0,0,0,0,0,0,0,0,0,0,0,0
0,1,0,1,0,1,1,1,1,1,1,1,1,1,0,0,0,0,0,1,0,0,1,1,1,0,0,0,0,0,1,1,0
1,0,1,0,1,0,0,0,0,0,0,0,0,0,1,1,0,0,1,0,0,1,0,0,1,0,0,1,0,0,1,0,0
1,0,1,0,1,0,0,0,0,0,0,0,0,1,0,1,0,0,1,0,1,0,0,0,1,0,0,1,1,0,1,0,0
1,0,1,0,1,0,0,0,0,0,1,1,1,1,0,1,0,0,1,0,1,0,0,0,1,0,0,1,1,0,1,0,0
1,0,1,0,1,0,0,0,0,0,1,1,1,1,0,1,0,0,1,1,0,0,1,1,1,0,0,1,0,1,1,1,0
1,0,1,0,1,0,1,1,1,1,0,0,0,0,1,1,0,0,1,0,0,1,0,1,1,0,0,1,0,0,1,1,0
1,0,1,0,1,0,1,1,1,1,0,0,0,1,0,1,0,0,1,0,1,0,0,0,1,0,0,1,1,0,1,0,0
1,0,1,0,1,0,1,1,1,1,1,1,1,1,0,1,0,0,1,0,1,0,0,0,1,0,0,1,1,0,1,0,0
1,0,1,0,1,0,1,1,1,1,1,1,1,1,0,1,0,0,1,1,0,0,1,1,1,0,0,1,0,1,1,1,0
0,1,0,1,0,0,1,1,1,1,0,0,0,0,1,0,1,0,0,0,0,1,0,1,0,0,1,0,0,0,0,1,1
0,1,0,1,0,0,1,1,1,1,0,0,0,1,0,0,1,0,0,0,1,0,0,0,0,0,0,0,0,0,0,0,1
0,1,0,1,0,0,1,1,1,1,1,1,1,1,0,0,1,0,0,0,1,0,0,0,0,0,0,0,0,0,0,0,1
0,1,0,1,0,0,1,1,1,1,1,1,1,1,0,0,1,0,0,1,0,0,1,1,0,0,1,0,0,0,0,1,1
0,1,0,1,0,1,0,0,0,0,0,0,0,0,1,0,0,0,0,0,0,1,0,0,0,0,0,0,0,0,0,0,1
0,1,0,1,0,1,0,0,0,0,0,0,0,1,0,0,0,0,0,0,1,0,0,0,0,0,0,0,0,0,0,0,1
0,1,0,1,0,1,0,0,0,0,1,1,1,1,0,0,0,0,0,0,1,0,0,0,0,0,0,0,0,0,0,0,1
0,1,0,1,0,1,0,0,0,0,1,1,1,1,0,0,0,0,0,1,0,0,1,1,1,0,0,0,0,0,1,1,1
1,0,1,0,0,0,1,1,1,1,0,0,0,0,1,0,1,0,0,0,0,1,0,1,0,0,1,0,0,0,0,1,1
1,0,1,0,0,0,1,1,1,1,0,0,0,0,1,1,1,0,1,0,0,1,0,1,0,0,1,1,0,0,0,1,1
1,0,1,0,0,0,1,1,1,1,0,0,0,1,0,0,1,0,0,0,1,0,0,0,0,0,0,0,0,0,0,0,1
1,0,1,0,0,0,1,1,1,1,0,0,0,1,0,1,1,0,1,0,1,0,0,0,0,0,0,1,1,0,0,0,1
1,0,1,0,0,0,1,1,1,1,1,1,1,1,0,0,1,0,0,0,1,0,0,0,0,0,0,0,0,0,0,0,1
1,0,1,0,0,0,1,1,1,1,1,1,1,1,0,0,1,0,0,1,0,0,1,1,0,0,1,0,0,0,0,1,1
1,0,1,0,0,0,1,1,1,1,1,1,1,1,0,1,1,0,1,0,1,0,0,0,0,0,0,1,1,0,0,0,1
1,0,1,0,0,0,1,1,1,1,1,1,1,1,0,1,1,0,1,1,0,0,1,1,0,1,1,1,0,1,0,1,1
1,0,1,0,1,0,0,0,0,0,0,0,0,0,1,1,0,0,1,0,0,1,0,0,1,0,0,1,0,0,1,0,1
1,0,1,0,1,0,0,0,0,0,0,0,0,1,0,1,0,0,1,0,1,0,0,0,1,0,0,1,1,0,1,0,1
1,0,1,0,1,0,0,0,0,0,1,1,1,1,0,1,0,0,1,0,1,0,0,0,1,0,0,1,1,0,1,0,1
1,0,1,0,1,0,0,0,0,0,1,1,1,1,0,1,0,0,1,1,0,0,1,1,1,0,0,1,0,1,1,1,1
0,1,0,1,0,0,1,1,1,1,0,0,0,0,1,0,1,1,0,0,0,1,0,1,0,0,1,0,0,0,0,1,2
0,1,0,1,0,0,1,1,1,1,0,0,0,1,0,0,1,1,0,0,1,0,0,0,0,0,0,0,0,0,0,0,2
0,1,0,1,0,0,1,1,1,1,1,1,1,1,0,0,1,1,0,0,1,0,0,0,0,0,0,0,0,0,0,0,2
0,1,0,1,0,0,1,1,1,1,1,1,1,1,0,0,1,1,0,1,0,0,1,1,0,0,1,0,0,0,0,1,2
0,1,0,1,0,1,0,0,0,0,0,0,0,0,1,0,0,0,0,0,0,1,0,0,0,0,0,0,0,0,0,0,2
0,1,0,1,0,1,0,0,0,0,0,0,0,1,0,0,0,0,0,0,1,0,0,0,0,0,0,0,0,0,0,0,2
0,1,0,1,0,1,0,0,0,0,1,1,1,1,0,0,0,0,0,0,1,0,0,0,0,0,0,0,0,0,0,0,2
0,1,0,1,0,1,0,0,0,0,1,1,1,1,0,0,0,0,0,1,0,0,1,1,1,0,0,0,0,0,1,1,2
1,0,1,0,0,0,1,1,1,1,0,0,0,0,1,0,1,1,0,0,0,1,0,1,0,0,1,0,0,0,0,1,2
1,0,1,0,0,0,1,1,1,1,0,0,0,1,0,0,1,1,0,0,1,0,0,0,0,0,0,0,0,0,0,0,2
1,0,1,0,0,0,1,1,1,1,1,1,1,1,0,0,1,1,0,0,1,0,0,0,0,0,0,0,0,0,0,0,2
1,0,1,0,0,0,1,1,1,1,1,1,1,1,0,0,1,1,0,1,0,0,1,1,0,0,1,0,0,0,0,1,2
1,0,1,0,1,0,0,0,0,0,0,0,0,0,1,0,0,0,0,0,0,1,0,0,0,0,0,0,0,0,0,0,2
1,0,1,0,1,0,0,0,0,0,0,0,0,1,0,0,0,0,0,0,1,0,0,0,0,0,0,0,0,0,0,0,2
1,0,1,0,1,0,0,0,0,0,1,1,1,1,0,0,0,0,0,0,1,0,0,0,0,0,0,0,0,0,0,0,2
1,0,1,0,1,0,0,0,0,0,1,1,1,1,0,0,0,0,0,1,0,0,1,1,1,0,0,0,0,0,1,1,2
0,1,0,1,0,0,1,1,1,1,0,0,0,0,1,0,1,1,0,0,0,1,0,1,0,0,1,0,0,0,0,1,3
0,1,0,1,0,0,1,1,1,1,0,0,0,1,0,0,1,1,0,0,1,0,0,0,0,0,0,0,0,0,0,0,3
0,1,0,1,0,0,1,1,1,1,1,1,1,1,0,0,1,1,0,0,1,0,0,0,0,0,0,0,0,0,0,0,3
0,1,0,1,0,0,1,1,1,1,1,1,1,1,0,0,1,1,0,1,0,0,1,1,0,0,1,0,0,0,0,1,3
0,1,0,1,0,1,0,0,0,0,0,0,0,0,1,0,0,0,0,0,0,1,0,0,0,0,0,0,0,0,0,0,3
0,1,0,1,0,1,0,0,0,0,0,0,0,1,0,0,0,0,0,0,1,0,0,0,0,0,0,0,0,0,0,0,3
0,1,0,1,0,1,0,0,0,0,1,1,1,1,0,0,0,0,0,0,1,0,0,0,0,0,0,0,0,0,0,0,3
0,1,0,1,0,1,0,0,0,0,1,1,1,1,0,0,0,0,0,1,0,0,1,1,1,0,0,0,0,0,1,1,3
1,0,1,0,0,0,1,1,1,1,0,0,0,0,1,0,1,1,0,0,0,1,0,1,0,0,1,0,0,0,0,1,3
1,0,1,0,0,0,1,1,1,1,0,0,0,1,0,0,1,1,0,0,1,0,0,0,0,0,0,0,0,0,0,0,3
1,0,1,0,0,0,1,1,1,1,1,1,1,1,0,0,1,1,0,0,1,0,0,0,0,0,0,0,0,0,0,0,3
1,0,1,0,0,0,1,1,1,1,1,1,1,1,0,0,1,1,0,1,0,0,1,1,0,0,1,0,0,0,0,1,3
1,0,1,0,1,0,0,0,0,0,0,0,0,0,1,1,0,0,0,0,0,1,0,0,1,0,0,0,0,0,1,0,3
1,0,1,0,1,0,0,0,0,0,0,0,0,1,0,1,0,0,0,0,1,0,0,0,1,0,0,0,0,0,1,0,3
1,0,1,0,1,0,0,0,0,0,1,1,1,1,0,1,0,0,0,0,1,0,0,0,1,0,0,0,0,0,1,0,3
1,0,1,0,1,0,0,0,0,0,1,1,1,1,0,1,0,0,0,1,0,0,1,1,1,0,0,0,0,0,1,1,3
0,1,0,1,0,0,1,1,1,1,0,0,0,0,1,0,1,1,0,0,0,1,0,1,0,0,1,0,0,0,0,1,4
0,1,0,1,0,0,1,1,1,1,0,0,0,1,0,0,1,1,0,0,1,0,0,0,0,0,0,0,0,0,0,0,4
0,1,0,1,0,0,1,1,1,1,1,1,1,1,0,0,1,1,0,0,1,0,0,0,0,0,0,0,0,0,0,0,4
0,1,0,1,0,0,1,1,1,1,1,1,1,1,0,0,1,1,0,1,0,0,1,1,0,0,1,0,0,0,0,1,4
0,1,0,1,0,1,0,0,0,0,0,0,0,0,1,0,0,0,0,0,0,1,0,0,0,0,0,0,0,0,0,0,4
0,1,0,1,0,1,0,0,0,0,0,0,0,1,0,0,0,0,0,0,1,0,0,0,0,0,0,0,0,0,0,0,4
0,1,0,1,0,1,0,0,0,0,1,1,1,1,0,0,0,0,0,0,1,0,0,0,0,0,0,0,0,0,0,0,4
0,1,0,1,0,1,0,0,0,0,1,1,1,1,0,0,0,0,0,1,0,0,1,1,0,0,0,0,0,0,0,1,4
1,0,1,0,0,0,1,1,1,1,0,0,0,0,1,0,1,1,0,0,0,1,0,1,0,0,1,0,0,0,0,1,4
1,0,1,0,0,0,1,1,1,1,0,0,0,0,1,1,1,1,1,0,0,1,0,1,0,0,1,1,0,0,0,1,4
1,0,1,0,0,0,1,1,1,1,0,0,0,1,0,0,1,1,0,0,1,0,0,0,0,0,0,0,0,0,0,0,4
1,0,1,0,0,0,1,1,1,1,0,0,0,1,0,1,1,1,1,0,1,0,0,0,0,0,0,1,1,0,0,0,4
1,0,1,0,0,0,1,1,1,1,1,1,1,1,0,0,1,1,0,0,1,0,0,0,0,0,0,0,0,0,0,0,4
1,0,1,0,0,0,1,1,1,1,1,1,1,1,0,0,1,1,0,1,0,0,1,1,0,0,1,0,0,0,0,1,4
1,0,1,0,0,0,1,1,1,1,1,1,1,1,0,1,1,1,1,0,1,0,0,0,0,0,0,1,1,0,0,0,4
1,0,1,0,0,0,1,1,1,1,1,1,1,1,0,1,1,1,1,1,0,0,1,1,0,1,1,1,0,1,0,1,4
1,0,1,0,1,0,0,0,0,0,0,0,0,0,1,1,0,0,1,0,0,1,0,0,0,0,0,1,0,0,0,0,4
1,0,1,0,1,0,0,0,0,0,0,0,0,1,0,1,0,0,1,0,1,0,0,0,0,0,0,1,1,0,0,0,4
1,0,1,0,1,0,0,0,0,0,1,1,1,1,0,1,0,0,1,0,1,0,0,0,0,0,0,1,1,0,0,0,4
1,0,1,0,1,0,0,0,0,0,1,1,1,1,0,1,0,0,1,1,0,0,1,1,0,0,0,1,0,1,0,1,4
0,1,0,1,0,0,1,1,1,1,0,0,0,0,1,0,1,1,0,0,0,1,0,1,0,0,1,0,0,0,0,1,5
0,1,0,1,0,0,1,1,1,1,0,0,0,1,0,0,1,1,0,0,1,0,0,0,0,0,0,0,0,0,0,0,5
0,1,0,1,0,0,1,1,1,1,1,1,1,1,0,0,1,1,0,0,1,0,0,0,0,0,0,0,0,0,0,0,5
0,1,0,1,0,1,0,0,0,0,0,0,0,0,1,0,0,0,0,0,0,1,0,0,0,0,0,0,0,0,0,0,5
0,1,0,1,0,1,0,0,0,0,0,0,0,1,0,0,0,0,0,0,1,0,0,0,0,0,0,0,0,0,0,0,5
0,1,0,1,0,1,0,0,0,0,1,1,1,1,0,0,0,0,0,0,1,0,0,0,0,0,0,0,0,0,0,0,5
1,0,1,0,0,0,1,1,1,1,0,0,0,0,1,0,1,1,0,0,0,1,0,1,0,0,1,0,0,0,0,1,5
1,0,1,0,0,0,1,1,1,1,0,0,0,0,1,1,1,1,1,0,0,1,0,1,0,0,1,1,0,0,0,1,5
1,0,1,0,0,0,1,1,1,1,0,0,0,1,0,0,1,1,0,0,1,0,0,0,0,0,0,0,0,0,0,0,5
1,0,1,0,0,0,1,1,1,1,0,0,0,1,0,1,1,1,1,0,1,0,0,0,0,0,0,1,1,0,0,0,5
1,0,1,0,0,0,1,1,1,1,1,1,1,1,0,0,1,1,0,0,1,0,0,0,0,0,0,0,0,0,0,0,5
1,0,1,0,0,0,1,1,1,1,1,1,1,1,0,1,1,1,1,0,1,0,0,0,0,0,0,1,1,0,0,0,5
1,0,1,0,1,0,0,0,0,0,0,0,0,0,1,1,0,0,1,0,0,1,0,0,1,0,0,1,0,0,1,0,5
1,0,1,0,1,0,0,0,0,0,0,0,0,1,0,1,0,0,1,0,1,0,0,0,1,0,0,1,1,0,1,0,5
1,0,1,0,1,0,0,0,0,0,1,1,1,1,0,1,0,0,1,0,1,0,0,0,1,0,0,1,1,0,1,0,5
0,1,0,1,0,0,1,1,1,1,0,0,0,0,1,0,1,1,0,0,0,1,0,1,0,0,1,0,0,0,0,1,6
0,1,0,1,0,0,1,1,1,1,0,0,0,1,0,0,1,1,0,0,0,1,0,1,0,0,1,0,0,0,0,1,6
0,1,0,1,0,0,1,1,1,1,1,1,1,1,0,0,1,1,0,1,0,0,1,1,0,0,1,0,0,0,0,1,6
0,1,0,1,0,1,0,0,0,0,0,0,0,0,1,0,0,0,0,0,0,1,0,0,0,0,0,0,0,0,0,0,6
0,1,0,1,0,1,0,0,0,0,0,0,0,1,0,0,0,0,0,0,0,1,0,0,0,0,0,0,0,0,0,0,6
0,1,0,1,0,1,0,0,0,0,1,1,1,1,0,0,0,0,0,1,0,0,1,1,1,0,0,0,0,0,1,1,6
1,0,1,0,0,0,1,1,1,1,0,0,0,0,1,0,1,1,0,0,0,1,0,1,0,0,1,0,0,0,0,1,6
1,0,1,0,0,0,1,1,1,1,0,0,0,0,1,1,1,1,1,0,0,1,0,1,0,0,1,1,0,0,0,1,6
1,0,1,0,0,0,1,1,1,1,0,0,0,1,0,0,1,1,0,0,0,1,0,1,0,0,1,0,0,0,0,1,6
1,0,1,0,0,0,1,1,1,1,0,0,0,1,0,1,1,1,1,0,0,1,0,1,0,0,1,1,0,0,0,1,6
1,0,1,0,0,0,1,1,1,1,1,1,1,1,0,0,1,1,0,1,0,0,1,1,0,0,1,0,0,0,0,1,6
1,0,1,0,0,0,1,1,1,1,1,1,1,1,0,1,1,1,1,1,0,0,1,1,0,1,1,1,0,1,0,1,6
1,0,1,0,1,0,0,0,0,0,0,0,0,0,1,1,0,0,1,0,0,1,0,0,1,0,0,1,0,0,1,0,6
1,0,1,0,1,0,0,0,0,0,0,0,0,1,0,1,0,0,1,0,0,1,0,0,1,0,0,1,0,0,1,0,6
1,0,1,0,1,0,0,0,0,0,1,1,1,1,0,1,0,0,1,1,0,0,1,1,1,0,0,1,0,1,1,1,6
0,1,0,1,0,0,1,1,1,1,0,0,0,0,1,0,1,1,0,0,0,0,0,1,0,0,1,0,0,0,0,1,7
0,1,0,1,0,0,1,1,1,1,0,0,0,1,0,0,1,1,0,0,1,0,0,0,0,0,0,0,0,0,0,0,7
0,1,0,1,0,0,1,1,1,1,1,1,1,1,0,0,1,1,0,0,1,0,0,0,0,0,0,0,0,0,0,0,7
0,1,0,1,0,0,1,1,1,1,1,1,1,1,0,0,1,1,0,1,0,0,1,1,0,0,1,0,0,0,0,1,7
0,1,0,1,0,1,0,0,0,0,0,0,0,0,1,0,0,0,0,0,0,0,0,0,0,0,0,0,0,0,0,0,7
0,1,0,1,0,1,0,0,0,0,0,0,0,1,0,0,0,0,0,0,1,0,0,0,0,0,0,0,0,0,0,0,7
0,1,0,1,0,1,0,0,0,0,1,1,1,1,0,0,0,0,0,0,1,0,0,0,0,0,0,0,0,0,0,0,7
0,1,0,1,0,1,0,0,0,0,1,1,1,1,0,0,0,0,0,1,0,0,1,1,1,0,0,0,0,0,1,1,7
1,0,1,0,0,0,1,1,1,1,0,0,0,0,1,0,1,1,0,0,0,0,0,1,0,0,1,0,0,0,0,1,7
1,0,1,0,0,0,1,1,1,1,0,0,0,0,1,1,1,1,1,0,0,0,0,1,0,0,1,1,0,0,0,1,7
1,0,1,0,0,0,1,1,1,1,0,0,0,1,0,0,1,1,0,0,1,0,0,0,0,0,0,0,0,0,0,0,7
1,0,1,0,0,0,1,1,1,1,0,0,0,1,0,1,1,1,1,0,1,0,0,0,0,0,0,1,1,0,0,0,7
1,0,1,0,0,0,1,1,1,1,1,1,1,1,0,0,1,1,0,0,1,0,0,0,0,0,0,0,0,0,0,0,7
1,0,1,0,0,0,1,1,1,1,1,1,1,1,0,0,1,1,0,1,0,0,1,1,0,0,1,0,0,0,0,1,7
1,0,1,0,0,0,1,1,1,1,1,1,1,1,0,1,1,1,1,0,1,0,0,0,0,0,0,1,1,0,0,0,7
1,0,1,0,0,0,1,1,1,1,1,1,1,1,0,1,1,1,1,1,0,0,1,1,0,1,1,1,0,1,0,1,7
1,0,1,0,1,0,0,0,0,0,0,0,0,0,1,1,0,0,1,0,0,0,0,0,1,0,0,1,0,0,1,0,7
1,0,1,0,1,0,0,0,0,0,0,0,0,1,0,1,0,0,1,0,1,0,0,0,1,0,0,1,1,0,1,0,7
1,0,1,0,1,0,0,0,0,0,1,1,1,1,0,1,0,0,1,0,1,0,0,0,1,0,0,1,1,0,1,0,7
1,0,1,0,1,0,0,0,0,0,1,1,1,1,0,1,0,0,1,1,0,0,1,1,1,0,0,1,0,1,1,1,7
0,1,0,1,0,0,1,1,1,1,0,0,0,0,1,0,1,1,0,0,0,1,0,0,0,0,0,0,0,0,0,0,8
0,1,0,1,0,0,1,1,1,1,0,0,0,1,0,0,1,1,0,0,1,0,0,0,0,0,0,0,0,0,0,0,8
0,1,0,1,0,0,1,1,1,1,1,1,1,1,0,0,1,1,0,0,1,0,0,0,0,0,0,0,0,0,0,0,8
0,1,0,1,0,0,1,1,1,1,1,1,1,1,0,0,1,1,0,1,0,0,1,0,0,0,0,0,0,0,0,0,8
0,1,0,1,0,1,0,0,0,0,0,0,0,0,1,0,0,0,0,0,0,1,0,0,0,0,0,0,0,0,0,0,8
0,1,0,1,0,1,0,0,0,0,0,0,0,1,0,0,0,0,0,0,1,0,0,0,0,0,0,0,0,0,0,0,8
0,1,0,1,0,1,0,0,0,0,1,1,1,1,0,0,0,0,0,0,1,0,0,0,0,0,0,0,0,0,0,0,8
0,1,0,1,0,1,0,0,0,0,1,1,1,1,0,0,0,0,0,1,0,0,1,0,1,0,0,0,0,0,1,0,8
1,0,1,0,0,0,1,1,1,1,0,0,0,0,1,0,1,1,0,0,0,1,0,0,0,0,0,0,0,0,0,0,8
1,0,1,0,0,0,1,1,1,1,0,0,0,0,1,1,1,1,1,0,0,1,0,0,0,0,0,1,0,0,0,0,8
1,0,1,0,0,0,1,1,1,1,0,0,0,1,0,0,1,1,0,0,1,0,0,0,0,0,0,0,0,0,0,0,8
1,0,1,0,0,0,1,1,1,1,0,0,0,1,0,1,1,1,1,0,1,0,0,0,0,0,0,1,1,0,0,0,8
1,0,1,0,0,0,1,1,1,1,1,1,1,1,0,0,1,1,0,0,1,0,0,0,0,0,0,0,0,0,0,0,8
1,0,1,0,0,0,1,1,1,1,1,1,1,1,0,0,1,1,0,1,0,0,1,0,0,0,0,0,0,0,0,0,8
1,0,1,0,0,0,1,1,1,1,1,1,1,1,0,1,1,1,1,0,1,0,0,0,0,0,0,1,1,0,0,0,8
1,0,1,0,0,0,1,1,1,1,1,1,1,1,0,1,1,1,1,1,0,0,1,0,0,0,0,1,0,1,0,0,8
1,0,1,0,1,0,0,0,0,0,0,0,0,0,1,1,0,0,1,0,0,1,0,0,1,0,0,1,0,0,1,0,8
1,0,1,0,1,0,0,0,0,0,0,0,0,1,0,1,0,0,1,0,1,0,0,0,1,0,0,1,1,0,1,0,8
1,0,1,0,1,0,0,0,0,0,1,1,1,1,0,1,0,0,1,0,1,0,0,0,1,0,0,1,1,0,1,0,8
1,0,1,0,1,0,0,0,0,0,1,1,1,1,0,1,0,0,1,1,0,0,1,0,1,0,0,1,0,1,1,0,8
0,1,0,1,0,0,1,1,1,1,0,0,0,0,1,0,1,1,0,0,0,1,0,1,0,0,1,0,0,0,0,1,9
0,1,0,1,0,0,1,1,1,1,0,0,0,1,0,0,1,1,0,0,1,0,0,0,0,0,0,0,0,0,0,0,9
0,1,0,1,0,0,1,1,1,1,1,1,1,1,0,0,1,1,0,0,1,0,0,0,0,0,0,0,0,0,0,0,9
0,1,0,1,0,0,1,1,1,1,1,1,1,1,0,0,1,1,0,1,0,0,0,1,0,0,1,0,0,0,0,1,9
0,1,0,1,0,1,0,0,0,0,0,0,0,0,1,0,0,0,0,0,0,1,0,0,0,0,0,0,0,0,0,0,9
0,1,0,1,0,1,0,0,0,0,0,0,0,1,0,0,0,0,0,0,1,0,0,0,0,0,0,0,0,0,0,0,9
0,1,0,1,0,1,0,0,0,0,1,1,1,1,0,0,0,0,0,0,1,0,0,0,0,0,0,0,0,0,0,0,9
0,1,0,1,0,1,0,0,0,0,1,1,1,1,0,0,0,0,0,1,0,0,0,1,1,0,0,0,0,0,1,1,9
1,0,1,0,0,0,1,1,1,1,0,0,0,0,1,0,1,1,0,0,0,1,0,1,0,0,1,0,0,0,0,1,9
1,0,1,0,0,0,1,1,1,1,0,0,0,0,1,1,1,1,1,0,0,1,0,1,0,0,1,1,0,0,0,1,9
1,0,1,0,0,0,1,1,1,1,0,0,0,1,0,0,1,1,0,0,1,0,0,0,0,0,0,0,0,0,0,0,9
1,0,1,0,0,0,1,1,1,1,0,0,0,1,0,1,1,1,1,0,1,0,0,0,0,0,0,1,1,0,0,0,9
1,0,1,0,0,0,1,1,1,1,1,1,1,1,0,0,1,1,0,0,1,0,0,0,0,0,0,0,0,0,0,0,9
1,0,1,0,0,0,1,1,1,1,1,1,1,1,0,0,1,1,0,1,0,0,0,1,0,0,1,0,0,0,0,1,9
1,0,1,0,0,0,1,1,1,1,1,1,1,1,0,1,1,1,1,0,1,0,0,0,0,0,0,1,1,0,0,0,9
1,0,1,0,0,0,1,1,1,1,1,1,1,1,0,1,1,1,1,1,0,0,0,1,0,1,1,1,0,0,0,1,9
1,0,1,0,1,0,0,0,0,0,0,0,0,0,1,1,0,0,1,0,0,1,0,0,1,0,0,1,0,0,1,0,9
1,0,1,0,1,0,0,0,0,0,0,0,0,1,0,1,0,0,1,0,1,0,0,0,1,0,0,1,1,0,1,0,9
1,0,1,0,1,0,0,0,0,0,1,1,1,1,0,1,0,0,1,0,1,0,0,0,1,0,0,1,1,0,1,0,9
1,0,1,0,1,0,0,0,0,0,1,1,1,1,0,1,0,0,1,1,0,0,0,1,1,0,0,1,0,0,1,1,9
0,1,0,1,0,1,0,0,0,0,0,0,0,0,1,0,0,0,0,0,0,1,0,0,0,0,0,0,0,0,0,0,10
0,1,0,1,0,1,0,0,0,0,0,0,0,1,0,0,0,0,0,0,1,0,0,0,0,0,0,0,0,0,0,0,10
0,1,0,1,0,1,0,0,0,0,1,1,1,1,0,0,0,0,0,0,1,0,0,0,0,0,0,0,0,0,0,0,10
0,1,0,1,0,1,0,0,0,0,1,1,1,1,0,0,0,0,0,1,0,0,1,1,1,0,0,0,0,0,1,1,10
0,1,0,1,0,1,1,1,1,1,0,0,0,0,1,0,0,0,0,0,0,1,0,1,0,0,0,0,0,0,0,1,10
0,1,0,1,0,1,1,1,1,1,0,0,0,1,0,0,0,0,0,0,1,0,0,0,0,0,0,0,0,0,0,0,10
0,1,0,1,0,1,1,1,1,1,1,1,1,1,0,0,0,0,0,0,1,0,0,0,0,0,0,0,0,0,0,0,10
0,1,0,1,0,1,1,1,1,1,1,1,1,1,0,0,0,0,0,1,0,0,1,1,1,0,0,0,0,0,1,1,10
1,0,1,0,1,0,0,0,0,0,0,0,0,0,1,1,0,0,0,0,0,1,0,0,1,0,0,0,0,0,1,0,10
1,0,1,0,1,0,0,0,0,0,0,0,0,1,0,1,0,0,0,0,1,0,0,0,1,0,0,0,0,0,1,0,10
1,0,1,0,1,0,0,0,0,0,1,1,1,1,0,1,0,0,0,0,1,0,0,0,1,0,0,0,0,0,1,0,10
1,0,1,0,1,0,0,0,0,0,1,1,1,1,0,1,0,0,0,1,0,0,1,1,1,0,0,0,0,0,1,1,10
1,0,1,0,1,0,1,1,1,1,0,0,0,0,1,1,0,0,0,0,0,1,0,1,1,0,0,0,0,0,1,1,10
1,0,1,0,1,0,1,1,1,1,0,0,0,1,0,1,0,0,0,0,1,0,0,0,1,0,0,0,0,0,1,0,10
1,0,1,0,1,0,1,1,1,1,1,1,1,1,0,1,0,0,0,0,1,0,0,0,1,0,0,0,0,0,1,0,10
1,0,1,0,1,0,1,1,1,1,1,1,1,1,0,1,0,0,0,1,0,0,1,1,1,0,0,0,0,0,1,1,10
0,1,0,1,0,0,1,1,1,1,0,0,0,0,1,0,1,1,0,0,0,1,0,1,0,0,1,0,0,0,0,1,11
0,1,0,1,0,0,1,1,1,1,0,0,0,1,0,0,1,1,0,0,1,0,0,0,0,0,0,0,0,0,0,0,11
0,1,0,1,0,0,1,1,1,1,1,1,1,1,0,0,1,1,0,0,1,0,0,0,0,0,0,0,0,0,0,0,11
0,1,0,1,0,0,1,1,1,1,1,1,1,1,0,0,1,1,0,1,0,0,1,1,0,0,1,0,0,0,0,1,11
0,1,0,1,0,1,0,0,0,0,0,0,0,0,1,0,0,0,0,0,0,1,0,0,0,0,0,0,0,0,0,0,11
0,1,0,1,0,1,0,0,0,0,0,0,0,1,0,0,0,0,0,0,1,0,0,0,0,0,0,0,0,0,0,0,11
0,1,0,1,0,1,0,0,0,0,1,1,1,1,0,0,0,0,0,0,1,0,0,0,0,0,0,0,0,0,0,0,11
0,1,0,1,0,1,0,0,0,0,1,1,1,1,0,0,0,0,0,1,0,0,1,1,1,0,0,0,0,0,1,1,11
1,0,1,0,0,0,1,1,1,1,0,0,0,0,1,0,1,1,0,0,0,1,0,1,0,0,1,0,0,0,0,1,11
1,0,1,0,0,0,1,1,1,1,0,0,0,1,0,0,1,1,0,0,1,0,0,0,0,0,0,0,0,0,0,0,11
1,0,1,0,0,0,1,1,1,1,1,1,1,1,0,0,1,1,0,0,1,0,0,0,0,0,0,0,0,0,0,0,11
1,0,1,0,0,0,1,1,1,1,1,1,1,1,0,0,1,1,0,1,0,0,1,1,0,0,1,0,0,0,0,1,11
1,0,1,0,1,0,0,0,0,0,0,0,0,0,1,0,0,0,0,0,0,1,0,0,0,0,0,0,0,0,0,0,11
1,0,1,0,1,0,0,0,0,0,0,0,0,1,0,0,0,0,0,0,1,0,0,0,0,0,0,0,0,0,0,0,11
1,0,1,0,1,0,0,0,0,0,1,1,1,1,0,0,0,0,0,0,1,0,0,0,0,0,0,0,0,0,0,0,11
1,0,1,0,1,0,0,0,0,0,1,1,1,1,0,0,0,0,0,1,0,0,1,1,1,0,0,0,0,0,1,1,11
0,1,0,1,0,1,0,0,0,0,0,0,0,0,1,0,0,0,0,0,0,1,0,0,0,0,0,0,0,0,0,0,12
0,1,0,1,0,1,0,0,0,0,0,0,0,1,0,0,0,0,0,0,1,0,0,0,0,0,0,0,0,0,0,0,12
0,1,0,1,0,1,0,0,0,0,1,1,1,1,0,0,0,0,0,0,1,0,0,0,0,0,0,0,0,0,0,0,12
0,1,0,1,0,1,0,0,0,0,1,1,1,1,0,0,0,0,0,1,0,0,1,1,1,0,0,0,0,0,1,1,12
0,1,0,1,0,1,1,1,1,1,0,0,0,0,1,0,0,0,0,0,0,1,0,1,0,0,0,0,0,0,0,1,12
0,1,0,1,0,1,1,1,1,1,0,0,0,1,0,0,0,0,0,0,1,0,0,0,0,0,0,0,0,0,0,0,12
0,1,0,1,0,1,1,1,1,1,1,1,1,1,0,0,0,0,0,0,1,0,0,0,0,0,0,0,0,0,0,0,12
0,1,0,1,0,1,1,1,1,1,1,1,1,1,0,0,0,0,0,1,0,0,1,1,1,0,0,0,0,0,1,1,12
1,0,1,0,1,0,0,0,0,0,0,0,0,0,1,0,0,0,0,0,0,1,0,0,0,0,0,0,0,0,0,0,12
1,0,1,0,1,0,0,0,0,0,0,0,0,1,0,0,0,0,0,0,1,0,0,0,0,0,0,0,0,0,0,0,12
1,0,1,0,1,0,0,0,0,0,1,1,1,1,0,0,0,0,0,0,1,0,0,0,0,0,0,0,0,0,0,0,12
1,0,1,0,1,0,0,0,0,0,1,1,1,1,0,0,0,0,0,1,0,0,1,1,1,0,0,0,0,0,1,1,12
1,0,1,0,1,0,1,1,1,1,0,0,0,0,1,0,0,0,0,0,0,1,0,1,0,0,0,0,0,0,0,1,12
1,0,1,0,1,0,1,1,1,1,0,0,0,1,0,0,0,0,0,0,1,0,0,0,0,0,0,0,0,0,0,0,12
1,0,1,0,1,0,1,1,1,1,1,1,1,1,0,0,0,0,0,0,1,0,0,0,0,0,0,0,0,0,0,0,12
1,0,1,0,1,0,1,1,1,1,1,1,1,1,0,0,0,0,0,1,0,0,1,1,1,0,0,0,0,0,1,1,12
0,1,0,1,0,1,0,0,0,0,0,0,0,0,1,0,0,0,0,0,0,1,0,0,0,0,0,0,0,0,0,0,13
0,1,0,1,0,1,0,0,0,0,0,0,0,1,0,0,0,0,0,0,1,0,0,0,0,0,0,0,0,0,0,0,13
0,1,0,1,0,1,0,0,0,0,1,1,1,1,0,0,0,0,0,0,1,0,0,0,0,0,0,0,0,0,0,0,13
0,1,0,1,0,1,1,1,1,1,0,0,0,0,1,0,0,0,0,0,0,1,0,1,0,0,0,0,0,0,0,1,13
0,1,0,1,0,1,1,1,1,1,0,0,0,1,0,0,0,0,0,0,1,0,0,0,0,0,0,0,0,0,0,0,13
0,1,0,1,0,1,1,1,1,1,1,1,1,1,0,0,0,0,0,0,1,0,0,0,0,0,0,0,0,0,0,0,13
1,0,1,0,1,0,0,0,0,0,0,0,0,0,1,1,0,0,1,0,0,1,0,0,1,0,0,1,0,0,1,0,13
1,0,1,0,1,0,0,0,0,0,0,0,0,1,0,1,0,0,1,0,1,0,0,0,1,0,0,1,1,0,1,0,13
1,0,1,0,1,0,0,0,0,0,1,1,1,1,0,1,0,0,1,0,1,0,0,0,1,0,0,1,1,0,1,0,13
1,0,1,0,1,0,1,1,1,1,0,0,0,0,1,1,0,0,1,0,0,1,0,1,1,0,0,1,0,0,1,1,13
1,0,1,0,1,0,1,1,1,1,0,0,0,1,0,1,0,0,1,0,1,0,0,0,1,0,0,1,1,0,1,0,13
1,0,1,0,1,0,1,1,1,1,1,1,1,1,0,1,0,0,1,0,1,0,0,0,1,0,0,1,1,0,1,0,13
0,1,0,1,0,1,0,0,0,0,0,0,0,0,1,0,0,0,0,0,0,1,0,0,0,0,0,0,0,0,0,0,14
0,1,0,1,0,1,0,0,0,0,0,0,0,1,0,0,0,0,0,0,0,1,0,0,0,0,0,0,0,0,0,0,14
0,1,0,1,0,1,0,0,0,0,1,1,1,1,0,0,0,0,0,1,0,0,1,1,1,0,0,0,0,0,1,1,14
0,1,0,1,0,1,1,1,1,1,0,0,0,0,1,0,0,0,0,0,0,1,0,1,0,0,0,0,0,0,0,1,14
0,1,0,1,0,1,1,1,1,1,0,0,0,1,0,0,0,0,0,0,0,1,0,1,0,0,0,0,0,0,0,1,14
0,1,0,1,0,1,1,1,1,1,1,1,1,1,0,0,0,0,0,1,0,0,1,1,1,0,0,0,0,0,1,1,14
1,0,1,0,1,0,0,0,0,0,0,0,0,0,1,1,0,0,1,0,0,1,0,0,1,0,0,1,0,0,1,0,14
1,0,1,0,1,0,0,0,0,0,0,0,0,1,0,1,0,0,1,0,0,1,0,0,1,0,0,1,0,0,1,0,14
1,0,1,0,1,0,0,0,0,0,1,1,1,1,0,1,0,0,1,1,0,0,1,1,1,0,0,1,0,1,1,1,14
1,0,1,0,1,0,1,1,1,1,0,0,0,0,1,1,0,0,1,0,0,1,0,1,1,0,0,1,0,0,1,1,14
1,0,1,0,1,0,1,1,1,1,0,0,0,1,0,1,0,0,1,0,0,1,0,1,1,0,0,1,0,0,1,1,14
1,0,1,0,1,0,1,1,1,1,1,1,1,1,0,1,0,0,1,1,0,0,1,1,1,0,0,1,0,1,1,1,14
0,1,0,1,0,1,0,0,0,0,0,0,0,0,1,0,0,0,0,0,0,0,0,0,0,0,0,0,0,0,0,0,15
0,1,0,1,0,1,0,0,0,0,0,0,0,1,0,0,0,0,0,0,1,0,0,0,0,0,0,0,0,0,0,0,15
0,1,0,1,0,1,0,0,0,0,1,1,1,1,0,0,0,0,0,0,1,0,0,0,0,0,0,0,0,0,0,0,15
0,1,0,1,0,1,0,0,0,0,1,1,1,1,0,0,0,0,0,1,0,0,1,1,1,0,0,0,0,0,1,1,15
0,1,0,1,0,1,1,1,1,1,0,0,0,0,1,0,0,0,0,0,0,0,0,1,0,0,0,0,0,0,0,1,15
0,1,0,1,0,1,1,1,1,1,0,0,0,1,0,0,0,0,0,0,1,0,0,0,0,0,0,0,0,0,0,0,15
0,1,0,1,0,1,1,1,1,1,1,1,1,1,0,0,0,0,0,0,1,0,0,0,0,0,0,0,0,0,0,0,15
0,1,0,1,0,1,1,1,1,1,1,1,1,1,0,0,0,0,0,1,0,0,1,1,1,0,0,0,0,0,1,1,15
1,0,1,0,1,0,0,0,0,0,0,0,0,0,1,1,0,0,1,0,0,0,0,0,1,0,0,1,0,0,1,0,15
1,0,1,0,1,0,0,0,0,0,0,0,0,1,0,1,0,0,1,0,1,0,0,0,1,0,0,1,1,0,1,0,15
1,0,1,0,1,0,0,0,0,0,1,1,1,1,0,1,0,0,1,0,1,0,0,0,1,0,0,1,1,0,1,0,15
1,0,1,0,1,0,0,0,0,0,1,1,1,1,0,1,0,0,1,1,0,0,1,1,1,0,0,1,0,1,1,1,15
1,0,1,0,1,0,1,1,1,1,0,0,0,0,1,1,0,0,1,0,0,0,0,1,1,0,0,1,0,0,1,1,15
1,0,1,0,1,0,1,1,1,1,0,0,0,1,0,1,0,0,1,0,1,0,0,0,1,0,0,1,1,0,1,0,15
1,0,1,0,1,0,1,1,1,1,1,1,1,1,0,1,0,0,1,0,1,0,0,0,1,0,0,1,1,0,1,0,15
1,0,1,0,1,0,1,1,1,1,1,1,1,1,0,1,0,0,1,1,0,0,1,1,1,0,0,1,0,1,1,1,15
0,1,0,1,0,0,1,1,1,1,0,0,0,0,1,0,1,1,0,0,0,1,0,1,0,0,1,0,0,0,0,1,16
0,1,0,1,0,0,1,1,1,1,0,0,0,1,0,0,1,1,0,0,1,0,0,0,0,0,0,0,0,0,0,0,16
0,1,0,1,0,0,1,1,1,1,1,1,1,1,0,0,1,1,0,0,1,0,0,0,0,0,0,0,0,0,0,0,16
0,1,0,1,0,0,1,1,1,1,1,1,1,1,0,0,1,1,0,1,0,0,1,1,0,0,1,0,0,0,0,1,16
0,1,0,1,0,1,0,0,0,0,0,0,0,0,1,0,0,0,0,0,0,1,0,0,0,0,0,0,0,0,0,0,16
0,1,0,1,0,1,0,0,0,0,0,0,0,1,0,0,0,0,0,0,1,0,0,0,0,0,0,0,0,0,0,0,16
0,1,0,1,0,1,0,0,0,0,1,1,1,1,0,0,0,0,0,0,1,0,0,0,0,0,0,0,0,0,0,0,16
0,1,0,1,0,1,0,0,0,0,1,1,1,1,0,0,0,0,0,1,0,0,1,1,1,0,0,0,0,0,1,1,16
1,0,1,0,0,0,1,1,1,1,0,0,0,0,1,0,1,1,0,0,0,1,0,1,0,0,1,0,0,0,0,1,16
1,0,1,0,0,0,1,1,1,1,0,0,0,0,1,1,1,1,1,0,0,1,0,1,0,0,1,1,0,0,0,1,16
1,0,1,0,0,0,1,1,1,1,0,0,0,1,0,0,1,1,0,0,1,0,0,0,0,0,0,0,0,0,0,0,16
1,0,1,0,0,0,1,1,1,1,0,0,0,1,0,1,1,1,1,0,1,0,0,0,0,0,0,1,1,0,0,0,16
1,0,1,0,0,0,1,1,1,1,1,1,1,1,0,0,1,1,0,0,1,0,0,0,0,0,0,0,0,0,0,0,16
1,0,1,0,0,0,1,1,1,1,1,1,1,1,0,0,1,1,0,1,0,0,1,1,0,0,1,0,0,0,0,1,16
1,0,1,0,0,0,1,1,1,1,1,1,1,1,0,1,1,1,1,0,1,0,0,0,0,0,0,1,1,0,0,0,16
1,0,1,0,0,0,1,1,1,1,1,1,1,1,0,1,1,1,1,1,0,0,1,1,0,1,1,1,0,1,0,1,16
1,0,1,0,1,0,0,0,0,0,0,0,0,0,1,1,0,0,1,0,0,1,0,0,1,0,0,1,0,0,1,0,16
1,0,1,0,1,0,0,0,0,0,0,0,0,1,0,1,0,0,1,0,1,0,0,0,1,0,0,1,1,0,1,0,16
1,0,1,0,1,0,0,0,0,0,1,1,1,1,0,1,0,0,1,0,1,0,0,0,1,0,0,1,1,0,1,0,16
1,0,1,0,1,0,0,0,0,0,1,1,1,1,0,1,0,0,1,1,0,0,1,1,1,0,0,1,0,1,1,1,16
